,hedge_ratio,spread,zscore,position,strategy_return
2020-06-16,0.8067151702745219,0.8699628807406801,1.7514565325429465,0.0,0.0
2020-06-17,0.8195151360479557,0.8233908726286336,1.594614885924597,0.0,0.0
2020-06-18,0.8394377707899823,0.7323519214830547,1.3435963674900615,0.0,-0.0
2020-06-19,0.8586651733292319,0.6504827358824752,1.1196427951550243,0.0,0.0
2020-06-22,0.8994934891027097,0.495781070186573,0.7415872382677016,0.0,0.0
2020-06-23,0.9777970718669151,0.12058211431062471,-0.13043765063276136,0.0,-0.0
2020-06-24,1.019888783697793,-0.05840037065548653,-0.5640663985810227,0.0,0.0
2020-06-25,1.0831804389079749,-0.3531310380142889,-1.258390916931215,0.0,-0.0
2020-06-26,1.1196461190771678,-0.5244217954824295,-1.6603209171886528,0.0,-0.0
2020-06-29,1.1473065317503837,-0.6907001294203878,-2.0078781241747614,1.0,-0.0
2020-06-30,1.0960639344939602,-0.4675777848310192,-1.4814350315119538,1.0,-0.009633132792182676
2020-07-01,1.0417159163478946,-0.20872474234772564,-0.8929716306804999,1.0,0.010925005232543576
2020-07-02,1.0164503851189524,-0.11794922880107439,-0.6895767823040139,1.0,-0.023211025934446513
2020-07-03,0.9913495695520665,0.002407064968110717,-0.4170770136935017,0.0,0.006839589576799511
2020-07-06,0.9743033886319212,0.0336721563121376,-0.3457671288798836,0.0,-0.0
2020-07-07,0.9167696200163498,0.30998566057103716,0.2868195794719883,0.0,0.0
2020-07-08,0.8711526239652554,0.5262061803892735,0.7637099793430502,0.0,0.0
2020-07-09,0.8224795395206322,0.7560027507660503,1.2471167126432656,0.0,0.0
2020-07-10,0.7924818869294675,0.9200354710202223,1.5574124347235447,0.0,0.0
2020-07-13,0.786258917336614,0.9314297438630459,1.5218312944636756,0.0,-0.0
2020-07-14,0.7601938226495039,1.0299646794070614,1.6692770416469445,0.0,-0.0
2020-07-15,0.7273635201634608,1.1805033485220058,1.903997382066752,0.0,0.0
2020-07-16,0.6879449444811714,1.390430812186954,2.219639050588081,-1.0,0.0
2020-07-17,0.6684897146430183,1.4828622113660161,2.2702646346915802,-1.0,-0.0036752932173829272
2020-07-20,0.6514664159986808,1.5625290322061338,2.2865030682392944,-1.0,-0.0018919045557073228
2020-07-21,0.6487247556971474,1.5369465705398397,2.1174154484509824,-1.0,0.03744703233462184
2020-07-22,0.6080248747735875,1.7304694546909163,2.32728932516872,-1.0,-0.007955838738609753
2020-07-23,0.581662780028276,1.901701011254294,2.4606037660636018,-1.0,-0.051885569764414365
2020-07-24,0.59948186167983,1.8284637011811382,2.200771152244324,-1.0,-0.00825480324590384
2020-07-27,0.6394603994276727,1.6582131608542303,1.8289010107085495,-1.0,-0.012470075672902627
2020-07-28,0.6656745549305241,1.5189545548117551,1.5403759720511612,-1.0,0.01952237133798273
2020-07-29,0.6626754469430844,1.5506406516737603,1.5305015731464842,-1.0,-0.018171432939374697
2020-07-30,0.6717500702081781,1.5359542513211428,1.4519521306417342,-1.0,-0.026783459338414955
2020-07-31,0.6905888204579502,1.4124495659446006,1.2158942970320685,-1.0,0.0377650675077896
2020-08-03,0.6722575472222925,1.4922808456557157,1.2969622309179667,-1.0,0.00418034776691882
2020-08-04,0.6485614521884001,1.6193076258082177,1.4434779657943102,-1.0,-0.018471821208570893
2020-08-05,0.6609828540807955,1.5885866057325275,1.3468067054085322,-1.0,-0.02714685125450343
2020-08-06,0.7288932256485968,1.2463655878264985,0.7874208620951115,-1.0,0.02764412811314073
2020-08-07,0.7503940285701773,1.129035712061221,0.5810479531080786,-1.0,0.017573369897732664
2020-08-10,0.7545188270145496,1.116622362284334,0.5396439413037357,-1.0,-0.006625387327797802
2020-08-11,0.7725780717828981,1.0381933541856299,0.39429590666860126,0.0,-0.00493473310607262
2020-08-12,0.7946564618725912,0.9522246241284815,0.2386252608815731,0.0,0.0
2020-08-13,0.8283402415450615,0.7665856893227332,-0.07134869241659099,0.0,-0.0
2020-08-14,0.8143785965266702,0.822271126275198,0.00576771740866207,0.0,-0.0
2020-08-17,0.8164723783556247,0.832031480922701,0.008682090293284905,0.0,0.0
2020-08-18,0.8247816884573945,0.7965062886188323,-0.06019293128625415,0.0,0.0
2020-08-19,0.8315270475927253,0.7999793590369917,-0.06428696884743844,0.0,0.0
2020-08-20,0.8597782605600799,0.6398750614610904,-0.32908411500075385,0.0,-0.0
2020-08-21,0.8861154074955532,0.49089331015726945,-0.5656085374778885,0.0,-0.0
2020-08-24,0.8897835857697823,0.48516867822406606,-0.563598130669118,0.0,0.0
2020-08-25,0.8988274976039843,0.4651745786501058,-0.5830286252538707,0.0,0.0
2020-08-26,0.9347808915422022,0.26477543701623674,-0.8885980018259706,0.0,-0.0
2020-08-27,0.9534087123760152,0.16431830135297965,-1.0263059379117245,0.0,-0.0
2020-08-28,0.9428380373438244,0.2048285906247962,-0.9408306060109688,0.0,-0.0
2020-08-31,0.9149569778236565,0.35225349190357225,-0.6946350698385794,0.0,0.0
2020-09-01,0.8900878600389899,0.5035885670075659,-0.4455345460786342,0.0,0.0
2020-09-02,0.9023286714737421,0.4398096410000978,-0.534827783384387,0.0,-0.0
2020-09-03,0.9136233609267169,0.39546434606655634,-0.5925942255414144,0.0,0.0
2020-09-04,0.9085573822998851,0.40837592307802417,-0.5598440100408529,0.0,-0.0
2020-09-07,0.9109196974836571,0.419493570113608,-0.5303920146072183,0.0,0.0
2020-09-08,0.9262692409843126,0.35582067687495833,-0.6147735161907664,0.0,0.0
2020-09-09,0.9485652944510599,0.2536995834896336,-0.7556292094582406,0.0,0.0
2020-09-10,0.978798938468876,0.10704166070416754,-0.9594578513027853,0.0,-0.0
2020-09-11,1.011147115964752,-0.05640566597638941,-1.1788476841421964,0.0,-0.0
2020-09-14,1.0359849036169668,-0.18065384919234617,-1.3313108613907496,0.0,-0.0
2020-09-15,1.0716001689803822,-0.3486638913748026,-1.5491099908039707,0.0,-0.0
2020-09-16,1.1005778217295241,-0.5501882519129193,-1.802427902755479,0.0,-0.0
2020-09-17,1.0791299341272667,-0.43421563929657747,-1.626930348070762,0.0,0.0
2020-09-18,1.0729069386684846,-0.3453403447491086,-1.5134587716906729,0.0,0.0
2020-09-21,1.1033838322341074,-0.5142736352964601,-1.7788243925767733,0.0,-0.0
2020-09-22,1.0958004851371048,-0.4862237637783968,-1.7357317121759779,0.0,-0.0
2020-09-23,1.0780563183695453,-0.38069149905256516,-1.566750964863609,0.0,0.0
2020-09-24,1.0870337249431168,-0.4100621843682024,-1.586632499440561,0.0,0.0
2020-09-25,1.0901166717236324,-0.41010220779125817,-1.5566834962462783,0.0,0.0
2020-09-28,1.1047310831007555,-0.4534830619764989,-1.5835758230742951,0.0,0.0
2020-09-29,1.1031217786484846,-0.4688087249332531,-1.5568634976775952,0.0,-0.0
2020-09-30,1.0997753166854234,-0.4211761380390886,-1.4431518855760754,0.0,0.0
2020-10-01,1.1192422797888273,-0.5339480748876291,-1.535014720428527,0.0,-0.0
2020-10-02,1.128797663592207,-0.5892748422009264,-1.5444411028109564,0.0,-0.0
2020-10-05,1.1410151165919542,-0.6633600136956979,-1.5741861770414716,0.0,-0.0
2020-10-06,1.1356231362185913,-0.6536629975215629,-1.5005575808360974,0.0,-0.0
2020-10-07,1.1153266726476705,-0.5723121065114256,-1.3478150565935734,0.0,-0.0
2020-10-08,1.0868584669868437,-0.4282545326817484,-1.1303896209140485,0.0,0.0
2020-10-09,1.0755198738991663,-0.3740236423192398,-1.0290560770697912,0.0,0.0
2020-10-12,1.0654604006201704,-0.31903732773710125,-0.9300535584176115,0.0,0.0
2020-10-13,1.0597997146885676,-0.27695114788638886,-0.848423187017915,0.0,0.0
2020-10-14,1.037483536203802,-0.17884350325168796,-0.6980282613761777,0.0,-0.0
2020-10-15,1.0145766189842733,-0.07709432099459956,-0.5407435654827457,0.0,-0.0
2020-10-16,1.0137742754724817,-0.08086851167703912,-0.5205091071073024,0.0,-0.0
2020-10-19,1.0179257868272606,-0.11583669019270104,-0.5437933960603835,0.0,-0.0
2020-10-20,1.0315747535045723,-0.1656192815963342,-0.5897694430861435,0.0,0.0
2020-10-21,1.032884277046379,-0.16745530717074342,-0.5674137934883307,0.0,0.0
2020-10-22,1.0457232336304458,-0.21333534459459447,-0.612552778055059,0.0,0.0
2020-10-23,1.0971833220148923,-0.4574920086270824,-0.9697427033145303,0.0,-0.0
2020-10-26,1.1075132593663257,-0.49011722773483957,-1.0017000689190918,0.0,0.0
2020-10-27,1.109120655974977,-0.49297930624763175,-0.9948810046948398,0.0,0.0
2020-10-28,1.1232713576332538,-0.5912596422691081,-1.1610215372207393,0.0,-0.0
2020-10-29,1.139509617569924,-0.6821380152264638,-1.3057899935271806,0.0,-0.0
2020-10-30,1.1420964039447075,-0.6895074313389369,-1.2948067943239305,0.0,0.0
2020-11-02,1.1369810311782456,-0.6445190076221019,-1.1874851586285753,0.0,0.0
2020-11-03,1.1395744360120634,-0.6571825537365577,-1.1915055114838426,0.0,-0.0
2020-11-04,1.140720311597614,-0.6874573341484913,-1.2303140818434715,0.0,-0.0
2020-11-05,1.1486145215622747,-0.7042180079769054,-1.2344753543510483,0.0,0.0
2020-11-06,1.142440777472674,-0.6999197404110324,-1.2001515267612333,0.0,-0.0
2020-11-09,1.130291332867681,-0.6218945625733214,-1.0083280079176342,0.0,0.0
2020-11-10,1.1315851602693976,-0.6261483339994074,-0.999121340600576,0.0,0.0
2020-11-11,1.1372760999113292,-0.6745537973099136,-1.09867200840057,0.0,-0.0
2020-11-12,1.1913470361277363,-0.9513405832883697,-1.7376327043789281,0.0,-0.0
2020-11-13,1.216863407618339,-1.0652093018898157,-1.95020777987479,0.0,0.0
2020-11-16,1.2135889647113915,-1.0212654970573984,-1.7855936716834455,0.0,0.0
2020-11-17,1.2127933023786466,-1.0183658675051896,-1.727742845065127,0.0,-0.0
2020-11-18,1.2204061866026903,-1.0255095398181266,-1.682480254082781,0.0,0.0
2020-11-19,1.2085157708285392,-0.9705763538571013,-1.4906689573899652,0.0,-0.0
2020-11-20,1.1915970020670024,-0.8881860543893785,-1.246284646557086,0.0,0.0
2020-11-23,1.1635546590574846,-0.7877918098182795,-0.9698419328757946,0.0,-0.0
2020-11-24,1.148207571915282,-0.7391725236096507,-0.8278283117485415,0.0,-0.0
2020-11-25,1.1802831665011295,-0.8742978933847878,-1.1706311435265175,0.0,0.0
2020-11-26,1.1993658327093095,-0.9660385472160069,-1.4051537720285983,0.0,-0.0
2020-11-27,1.2273017948729508,-1.0856584372830183,-1.7275691600800345,0.0,0.0
2020-11-30,1.2308149343679682,-1.0874128302225659,-1.7273051765638585,0.0,0.0
2020-12-01,1.2367753163667308,-1.1020309716996657,-1.7648884833501066,0.0,0.0
2020-12-02,1.239601542257236,-1.1184766498039345,-1.7985019482387774,0.0,-0.0
2020-12-03,1.2454067206311958,-1.1098954378611987,-1.7343122113227287,0.0,0.0
2020-12-04,1.1956751154271663,-0.92043063587675,-1.0734284405680419,0.0,-0.0
2020-12-07,1.1911645218347857,-0.8640036971150318,-0.853141697441677,0.0,0.0
2020-12-08,1.148270385587641,-0.6825243264185898,-0.21167887577895142,0.0,-0.0
2020-12-09,1.1362397868009115,-0.6208919928135863,0.0057256065740095,0.0,0.0
2020-12-10,1.133829830139574,-0.5954760821680001,0.10341938347069782,0.0,0.0
2020-12-11,1.1154849283853965,-0.5164163934603936,0.3907874363353237,0.0,-0.0
2020-12-14,1.099593953737349,-0.46331885958456187,0.5727922914103567,0.0,-0.0
2020-12-15,1.1092026461608058,-0.5242522289593108,0.3624292568450135,0.0,-0.0
2020-12-16,1.136454222068122,-0.6486055158492103,-0.05728267164976463,0.0,0.0
2020-12-17,1.1441905032531117,-0.6747028427582977,-0.13431920300570382,0.0,0.0
2020-12-18,1.138977190881782,-0.6710040345683108,-0.10642457978327004,0.0,-0.0
2020-12-21,1.1378892700704866,-0.6665151376972087,-0.07811633132332096,0.0,-0.0
2020-12-22,1.1302373525644174,-0.6379071900353317,0.03424215181982479,0.0,-0.0
2020-12-23,1.130990732935535,-0.6070545343173528,0.15677155764471226,0.0,0.0
2020-12-24,1.0716749173025968,-0.316529524649221,1.17808632372817,0.0,0.0
2020-12-25,1.004471362859628,-0.010445536725471882,2.14534644626731,-1.0,-0.0
2020-12-28,0.9342560755117395,0.32450826171400937,2.9780318052535915,-1.0,-0.011632807670806282
2020-12-29,0.8775601378026028,0.5641471057403153,3.3057575101679095,-1.0,0.02103820633697146
2020-12-30,0.8697177833041002,0.6195293019485648,3.1098714686125986,-1.0,-0.019537843145854446
2020-12-31,0.8498342494855758,0.6927752144655841,2.993637411471291,-1.0,0.01798837924310921
2021-01-01,0.8410403487753545,0.744097044949906,2.852965986906011,-1.0,-0.01072113107889993
2021-01-04,0.817006422920572,0.8049142463462258,2.7529314775970186,-1.0,0.04887403073023946
2021-01-05,0.8351867275795863,0.7102127993709608,2.3997419390956987,-1.0,0.01102929917039049
2021-01-06,0.8621897452912561,0.6030969343189456,2.0878306760335046,-1.0,-0.017033259042543953
2021-01-07,0.8809690930420645,0.5215272643020503,1.8656768084129611,-1.0,-0.004729570941484009
2021-01-08,0.8929852456461349,0.4799692778004907,1.7332688873005817,-1.0,-0.01370897617147463
2021-01-11,0.8985994918997919,0.44681338617680133,1.624028637600993,-1.0,0.007250975655529703
2021-01-12,0.9184535678002432,0.3385552024325458,1.3960194826984635,-1.0,0.017003464318924272
2021-01-13,0.9524628579680869,0.20944441296003546,1.1480716063993048,-1.0,-0.026370974552327037
2021-01-14,0.9525391120480933,0.20321968029438864,1.114740107311508,-1.0,0.006094546477461556
2021-01-15,0.946476669144744,0.24043377907311214,1.145571405683188,-1.0,-0.009196727310373708
2021-01-18,0.9397857779216287,0.28108305301107706,1.1785724175611811,-1.0,-0.0100303676092761
2021-01-19,0.9261650798761215,0.33684132182017024,1.232717367975789,-1.0,0.006635796616357258
2021-01-20,0.916901518538813,0.38106796306432766,1.2625149003556093,-1.0,-0.0016992479165460136
2021-01-21,0.9089987480165088,0.41129409668723316,1.2667967841581274,-1.0,0.005736162577713325
2021-01-22,0.9145842461252599,0.3859838472767825,1.1850001226556168,-1.0,-4.992665765756344e-05
2021-01-25,0.9173235563789762,0.39055665812562435,1.1534201296607773,-1.0,-0.01727137470786997
2021-01-26,0.8973177363361026,0.48698679853142224,1.2612736130920856,-1.0,-0.005305337153563468
2021-01-27,0.8789851233043829,0.5592495746716057,1.3253281964554469,-1.0,0.01114894624073022
2021-01-28,0.8792075261445216,0.5267006413374453,1.2310728137947775,-1.0,0.03128518376202534
2021-01-29,0.8911019291898752,0.456724145164781,1.0870264539859915,-1.0,0.01543861873008644
2021-02-01,0.923133663343763,0.30010582230701477,0.8225365458491689,-1.0,0.01063443115909392
2021-02-02,0.9538285187092451,0.18883542980816515,0.6327204410771333,-1.0,-0.02882733173825438
2021-02-03,0.9615855856140391,0.18983795553239613,0.6128279435041849,-1.0,-0.036908065707327416
2021-02-04,0.9585131064823725,0.1923686110679217,0.5923866784156918,-1.0,0.011457600218133964
2021-02-05,0.9769145433322904,0.12532362587550683,0.46576513294036637,0.0,-0.017033508601503017
2021-02-08,0.9897511484781123,0.058616273747089664,0.3391287980110507,0.0,-0.0
2021-02-09,0.9904158402207393,0.0527076674504654,0.30639731805934545,0.0,-0.0
2021-02-10,0.99373626238373,0.021737569387965117,0.23300726626233537,0.0,-0.0
2021-02-11,0.9847058992501463,0.10659763571645176,0.34709864655228095,0.0,0.0
2021-02-12,0.937523779459707,0.31642084816090765,0.6674201588197193,0.0,-0.0
2021-02-15,0.8917874509768201,0.5141742137931438,0.9649295033662039,0.0,-0.0
2021-02-16,0.8821055337795077,0.5611170751037067,1.0096258005573617,0.0,0.0
2021-02-17,0.8836733749269416,0.52421278554736,0.9175592800228837,0.0,-0.0
2021-02-18,0.9008890385516856,0.44632969783602316,0.7590184159038966,0.0,-0.0
2021-02-19,0.919061641149116,0.34577306765292715,0.5602355772100406,0.0,-0.0
2021-02-22,0.9465884642532287,0.25982665799340143,0.38034774035714897,0.0,0.0
2021-02-23,0.9437431437227777,0.24634162970417162,0.3269203944570282,0.0,-0.0
2021-02-24,0.9463016312506143,0.22760100062840394,0.25999751388767556,0.0,-0.0
2021-02-25,0.9443308078673689,0.24918721215319817,0.27176888060408183,0.0,0.0
2021-02-26,0.9336049645953556,0.32958041142797967,0.41453120546334077,0.0,0.0
2021-03-01,0.9358309716359826,0.31788547805657696,0.3605898368504681,0.0,-0.0
2021-03-02,0.9270347577372001,0.3387637107482604,0.3815521938190396,0.0,-0.0
2021-03-03,0.9166161396253961,0.4119241636483624,0.5297648462980047,0.0,0.0
2021-03-04,0.9106699819404066,0.4614627355992127,0.6262441747504247,0.0,0.0
2021-03-05,0.8951428499039252,0.5005298926212935,0.6997196104609176,0.0,-0.0
2021-03-08,0.8739484767964807,0.5689820820925089,0.8508129150888956,0.0,-0.0
2021-03-09,0.8539921596324935,0.6602225644151085,1.0684015362975692,0.0,-0.0
2021-03-10,0.8534607402099549,0.6630588883278286,1.0650452467196712,0.0,0.0
2021-03-11,0.8416645833630048,0.6897300856194435,1.140418543474425,0.0,-0.0
2021-03-12,0.8361786920128995,0.7218651353120391,1.2497456262294995,0.0,0.0
2021-03-15,0.8523766193797179,0.6665046849239116,1.0921698368221449,0.0,0.0
2021-03-16,0.8693202772723143,0.5595639657623792,0.7230198695457708,0.0,-0.0
2021-03-17,0.8631958024479356,0.5962197551523243,0.9107339599328144,0.0,0.0
2021-03-18,0.8441450166095825,0.7098205749184734,1.4669352976936403,0.0,0.0
2021-03-19,0.8244719148012151,0.8069028839916479,1.8951696981592574,0.0,0.0
2021-03-22,0.8173719381222636,0.8504712869139737,2.000914172122427,-1.0,0.0
2021-03-23,0.8085745644360869,0.9100430991829325,2.1739601987882784,-1.0,-0.01879918192763277
2021-03-24,0.8091508086306523,0.8897617634845045,1.9984469305949066,-1.0,0.017502224186306363
2021-03-25,0.7928565847921472,0.950413863263313,2.1814947623847276,-1.0,0.013822050897860065
2021-03-26,0.7875270889929097,0.9804369853451216,2.2268069578421064,-1.0,-0.005648279376465398
2021-03-29,0.7876026385145427,0.9741848937738946,2.1411212863600237,-1.0,0.00588576010630804
2021-03-30,0.8066568781962278,0.8776672259415057,1.7019503200484372,-1.0,0.009330476445425298
2021-03-31,0.8267614207936019,0.7502968959250391,1.1621254289538734,-1.0,0.03501222107083176
2021-04-01,0.823159881177991,0.7965065866598025,1.3111840534730614,-1.0,-0.030078646321041305
2021-04-02,0.8321450705961296,0.7479239893171159,1.0885598691087162,-1.0,0.007422510495502601
2021-04-05,0.8241288616692624,0.7870719500230385,1.2052969235024285,-1.0,-0.002325703837849828
2021-04-06,0.8136613171997229,0.854890523914738,1.414476452501746,-1.0,-0.019403998890457522
2021-04-07,0.8070751509912059,0.8865674507489545,1.4787286326014841,-1.0,-0.0014821985226798448
2021-04-08,0.8081372667181514,0.8925932227299764,1.4470871097424856,-1.0,-0.011022827155594333
2021-04-09,0.822344899698875,0.8013334962242951,1.0665665588261706,-1.0,0.02585826256653998
2021-04-12,0.8167648695065035,0.8161037831058877,1.0850161613271676,-1.0,0.010888652203681659
2021-04-13,0.799347238605224,0.9131454002420956,1.3956244997986895,-1.0,-0.017221113173762084
2021-04-14,0.7955926167139512,0.9377364519820031,1.4306793240108855,-1.0,-0.007350515530508736
2021-04-15,0.8023804232676951,0.9036082988544085,1.2610672354284322,-1.0,0.0025980084701122037
2021-04-16,0.8009965535060469,0.9054509047281334,1.2242885840312274,-1.0,0.004613367050854699
2021-04-19,0.7953823852826807,0.9224487859466031,1.2406874436932616,-1.0,0.009029575995477625
2021-04-20,0.7871748667102323,0.9680976380995134,1.3530376624530083,-1.0,-0.00762485852745474
2021-04-21,0.7895067176717442,0.9355327347744287,1.2024850151874693,-1.0,0.021538030880088113
2021-04-22,0.7659759362750219,1.0348155877300855,1.4864052890757065,-1.0,0.010291762868976243
2021-04-23,0.7348398751862318,1.2115138078547059,1.9744546888075794,-1.0,-0.03258564585117931
2021-04-26,0.7223268909228615,1.259475829175153,2.0219338142074705,-1.0,0.010246708886670312
2021-04-27,0.6896481420825279,1.4229899967923934,2.390578103441226,-1.0,-0.011468695369388555
2021-04-28,0.6843157017333087,1.4198780665734825,2.2524169397209155,-1.0,0.027759299087086055
2021-04-29,0.6678286087438564,1.5197495389280617,2.398980007202282,-1.0,-0.02299786465777839
2021-04-30,0.6681816398215107,1.5593929881094382,2.376313907767861,-1.0,-0.042135514173897395
2021-05-03,0.7007152365841806,1.4014003373346213,1.868698291974739,-1.0,0.00626230432379089
2021-05-04,0.7304490687704641,1.2372698925970833,1.376123061155509,-1.0,0.023917055393695555
2021-05-05,0.7356758129464948,1.2205064511805421,1.3023013978219393,-1.0,-0.007711513782516562
2021-05-06,0.7384011353025258,1.206377370859375,1.2324759061832158,-1.0,0.0013788261778852648
2021-05-07,0.7583333910110066,1.1372032418467586,0.9954807793347394,-1.0,-0.024477326092529422
2021-05-10,0.791876445890486,0.9952066161358601,0.5489918728743024,-1.0,-0.01482521433711903
2021-05-11,0.8195768436235501,0.8551096634287392,0.11419658722177828,0.0,0.01125087943861834
2021-05-12,0.851689388356896,0.7190213503771683,-0.30799927887579764,0.0,0.0
2021-05-13,0.8616069860738063,0.6881552573583862,-0.41795717025011714,0.0,0.0
2021-05-14,0.8787798551320353,0.5663084240202609,-0.8132836401654667,0.0,-0.0
2021-05-17,0.8618725985714517,0.6208804679159989,-0.6783382186278236,0.0,-0.0
2021-05-18,0.8697622996845958,0.6045070887735395,-0.769064093151631,0.0,0.0
2021-05-19,0.8667616467347875,0.6075264193027916,-0.8036894494851382,0.0,-0.0
2021-05-20,0.8590204320635836,0.6548304362441364,-0.6890097687404846,0.0,0.0
2021-05-21,0.8625326772876996,0.602481066832441,-0.9064502952220556,0.0,-0.0
2021-05-24,0.8657971657690282,0.5586762475899336,-1.1003092773676584,0.0,-0.0
2021-05-25,0.8517200136853056,0.6616506871315466,-0.7665194824577763,0.0,0.0
2021-05-26,0.8518502730349383,0.6971059944710443,-0.6663057312686529,0.0,0.0
2021-05-27,0.8694576413302074,0.6106006648534095,-1.0180425607851749,0.0,-0.0
2021-05-28,0.8964566359754977,0.5035458931766188,-1.4316705035955206,0.0,0.0
2021-05-31,0.9184357400123908,0.395512650718163,-1.8067734121089871,0.0,-0.0
2021-06-01,0.9311712531471285,0.3195984284957074,-2.010933069952028,1.0,-0.0
2021-06-02,0.9347145680285348,0.30891500677859973,-1.9690624035125315,1.0,0.005887008592807933
2021-06-03,0.94163413578833,0.27435348312650554,-2.001535502046621,1.0,-0.0022665111772921043
2021-06-04,0.9267343384664142,0.3083758646040611,-1.8099843374301574,1.0,-0.035052032526269816
2021-06-07,0.901079868468573,0.4228947170897026,-1.3915944735618808,1.0,-0.005418542250429409
2021-06-08,0.887377271954439,0.49997294495682354,-1.1285663898555722,1.0,0.013085938797571407
2021-06-09,0.8696017797091102,0.5981581428625269,-0.8039929896492499,1.0,0.014861339197151595
2021-06-10,0.8554681090392151,0.6938145332465013,-0.4864950936309628,0.0,0.030587588231023952
2021-06-11,0.8611670647293561,0.6536089233308848,-0.6090953967187491,0.0,-0.0
2021-06-14,0.8659685054429178,0.6250033018145604,-0.6881827459816835,0.0,-0.0
2021-06-15,0.8729222911162983,0.5813498161801105,-0.8093264152316156,0.0,-0.0
2021-06-16,0.9062591372412908,0.42715481048777004,-1.2701350866732624,0.0,0.0
2021-06-17,0.9267351234086181,0.34973136795955284,-1.4618176015009692,0.0,0.0
2021-06-18,0.9312894112868368,0.33097026723212863,-1.4628785208831259,0.0,0.0
2021-06-21,0.9431964087414841,0.2787555685776386,-1.559673873725362,0.0,0.0
2021-06-22,0.9383255857237769,0.27891253872995314,-1.4997163224993164,0.0,-0.0
2021-06-23,0.9348369546931714,0.329196565118834,-1.3082374201191302,0.0,0.0
2021-06-24,0.8536620955137583,0.6814907980427667,-0.2616559614002965,0.0,-0.0
2021-06-25,0.8231019602510616,0.8318295814080261,0.1780734947906999,0.0,0.0
2021-06-28,0.776145275309669,1.0546133620226246,0.8178216209827465,0.0,0.0
2021-06-29,0.7365335209622571,1.2730707739300295,1.4141725973947237,0.0,0.0
2021-06-30,0.669436835886901,1.5629993466590242,2.131209933782255,-1.0,-0.0
2021-07-01,0.6089497729180412,1.8017613114487903,2.5889568137966683,-1.0,0.03901917341982198
2021-07-02,0.6115388230639557,1.7892641081951757,2.386819732204923,-1.0,0.0005644493051080487
2021-07-05,0.5809038515365619,1.9068980550275487,2.488698520941522,-1.0,0.02346566055711402
2021-07-06,0.5565128098796056,2.033162629763888,2.579297439104112,-1.0,-0.013697906765318691
2021-07-07,0.5503351003228175,2.0834938661871294,2.5017985189354532,-1.0,-0.021508112804245465
2021-07-08,0.5510253777380625,2.0638256442893583,2.306943850598605,-1.0,0.016497393282966726
2021-07-09,0.5623995424677825,2.0160018252101555,2.0917023031877595,-1.0,-0.004741254758734375
2021-07-12,0.57210270094186,1.96139644268982,1.8931576867594564,-1.0,0.00975677888672091
2021-07-13,0.5809288510712439,1.9131207752388888,1.7285819098488082,-1.0,0.007393623178473193
2021-07-14,0.600154825157851,1.81151820991645,1.4900957816778795,-1.0,0.01264759671202595
2021-07-15,0.621793217516719,1.7396838220798223,1.322346242742502,-1.0,-0.029172147880602017
2021-07-16,0.620927204748702,1.757985393340388,1.3199401263532984,-1.0,-0.014051038079699492
2021-07-19,0.6230222224298851,1.728721846681355,1.2418648719284595,-1.0,0.019729334553866096
2021-07-20,0.6286723086547809,1.7257226283798275,1.2179376641041453,-1.0,-0.023618851494940963
2021-07-21,0.6357130473992918,1.6896660127244822,1.141682478689907,-1.0,0.0033021039110732626
2021-07-22,0.6638328600685462,1.5274877998760141,0.8706722085002674,-1.0,0.03172045476334348
2021-07-23,0.6819506642264155,1.4661928696902304,0.7727267552964663,-1.0,-0.022912918447068158
2021-07-26,0.6734867061490675,1.5339233488322441,0.8797370929069265,-1.0,-0.028661730116077408
2021-07-27,0.6382731342148236,1.6928305238280221,1.1211293642040632,-1.0,0.0037587770096829155
2021-07-28,0.636528755993273,1.7107693062763114,1.125895689168135,-1.0,-0.009934720596064326
2021-07-29,0.6200488161249331,1.7523309437868817,1.165981537802183,-1.0,0.03383246853252513
2021-07-30,0.6322534061593944,1.682360548399854,1.0289114511663162,-1.0,0.013602416770782473
2021-08-02,0.624847489495548,1.7448084289042503,1.0974345143486144,-1.0,-0.028552464362139637
2021-08-03,0.6062029398494159,1.8416355629623595,1.2103620329838998,-1.0,-0.011057291315687126
2021-08-04,0.5706716237417648,2.0092539880086533,1.4178332404874805,-1.0,-0.0037777365873247325
2021-08-05,0.5458832564698024,2.0956077919115446,1.490589316858434,-1.0,0.027810308201391028
2021-08-06,0.5204433796865757,2.2241040629085282,1.6160243838305466,-1.0,-0.01045132093643186
2021-08-09,0.4971872537971493,2.34281761201374,1.714464981921388,-1.0,-0.01226706207707317
2021-08-10,0.49069687973384946,2.3653863703103926,1.672839084408793,-1.0,0.0072318022940987565
2021-08-11,0.4783877644903857,2.4274848686832957,1.686320155620957,-1.0,-0.005595027729912612
2021-08-12,0.4661551577959112,2.4804694601998936,1.6850793165747147,-1.0,0.0031759817444428555
2021-08-13,0.4405247765481758,2.5786357769658816,1.7406490526071503,-1.0,0.019259173309805526
2021-08-16,0.47144460080634665,2.4463667523758033,1.5019399728301706,-1.0,-0.009923270259759087
2021-08-17,0.5325047954192709,2.1409185266644726,1.0567827094654574,-1.0,0.0236885416345692
2021-08-18,0.5787799265246822,1.9232650611312967,0.7401770653758774,-1.0,0.0056999128105565105
2021-08-19,0.6015842666795685,1.8233233500894337,0.5829263301995412,-1.0,-0.004418284757834186
2021-08-20,0.6161458393188499,1.7624236989739965,0.4776793601246719,0.0,-0.006001579334214337
2021-08-23,0.607310746719176,1.826154909615462,0.5395494664769257,0.0,0.0
2021-08-24,0.565359885211286,2.0228131032129664,0.7837836755435923,0.0,0.0
2021-08-25,0.5450383398981605,2.104115506926086,0.8700365838261276,0.0,-0.0
2021-08-26,0.5184449486819591,2.234133565339418,1.0265662258009618,0.0,0.0
2021-08-27,0.48389923937253715,2.3772581599389047,1.201972690580035,0.0,-0.0
2021-08-30,0.4990569023764487,2.301574889179323,1.060270237750099,0.0,-0.0
2021-08-31,0.5368334376618082,2.1419321784401006,0.7950728449489989,0.0,0.0
2021-09-01,0.5488815625138413,2.0612470170903543,0.646545910053498,0.0,-0.0
2021-09-02,0.5488756578779467,2.060762175841986,0.6201637956301023,0.0,-0.0
2021-09-03,0.4982782712566763,2.3128725890576374,0.9867376872417019,0.0,0.0
2021-09-06,0.4468343546009439,2.591004521818527,1.3900929869259346,0.0,0.0
2021-09-07,0.45556975946304884,2.5673903911785447,1.3184148000387,0.0,0.0
2021-09-08,0.4629921936128224,2.527540492204993,1.2317855429728146,0.0,-0.0
2021-09-09,0.5220773379766757,2.242815701500521,0.7351621077336655,0.0,-0.0
2021-09-10,0.5820342089392356,1.9545998538221871,0.1902066933342634,0.0,-0.0
2021-09-13,0.623279675253695,1.7467904810382011,-0.2678696484082341,0.0,-0.0
2021-09-14,0.6279227457169926,1.740067423829914,-0.3662814856565769,0.0,0.0
2021-09-15,0.657920137202688,1.5911284139267279,-0.8424582132908769,0.0,-0.0
2021-09-16,0.6760768429196714,1.489628208538647,-1.2290631344238412,0.0,-0.0
2021-09-17,0.6571455099340564,1.5701672167551002,-1.1232960181916802,0.0,-0.0
2021-09-20,0.6375295292593808,1.653438546118617,-0.9588230364444538,0.0,-0.0
2021-09-21,0.6173824287680593,1.7545574308028393,-0.6922725129898353,0.0,0.0
2021-09-22,0.6214249084798555,1.7314040147985965,-0.7844702742056091,0.0,-0.0
2021-09-23,0.6244139029215373,1.727111717637817,-0.7922755668946776,0.0,0.0
2021-09-24,0.6155579430953817,1.774317788742251,-0.6363398556309314,0.0,0.0
2021-09-27,0.610395180683473,1.7864424206928176,-0.5884650118309748,0.0,-0.0
2021-09-28,0.5981847946432783,1.8678944177727321,-0.3130727761034989,0.0,0.0
2021-09-29,0.6096301487081178,1.8043005046376002,-0.505209263459282,0.0,-0.0
2021-09-30,0.6103932887680973,1.789759321506267,-0.5369712052832335,0.0,-0.0
2021-10-01,0.6005843535863443,1.8244293982466995,-0.41308465480345274,0.0,-0.0
2021-10-04,0.5862900133146445,1.8800873666504287,-0.22735010796415536,0.0,-0.0
2021-10-05,0.5588229783595354,2.011512198031986,0.19500700319595565,0.0,0.0
2021-10-06,0.5392436489756713,2.1259371933767985,0.5498354379987443,0.0,0.0
2021-10-07,0.5405543648740084,2.1356283054363057,0.5607829170485797,0.0,0.0
2021-10-08,0.5511410553432501,2.0834595303130183,0.3742281776162024,0.0,-0.0
2021-10-11,0.5554535766012793,2.066950198752588,0.30328839979627986,0.0,0.0
2021-10-12,0.5657877636746138,2.0422859027396933,0.20619607764498205,0.0,0.0
2021-10-13,0.5898629698396642,1.940213036064368,-0.14530973796430313,0.0,0.0
2021-10-14,0.6338459144944252,1.7608818575602063,-0.7657582495402334,0.0,0.0
2021-10-15,0.7001330790886231,1.4197362248082994,-1.9049720632538347,0.0,-0.0
2021-10-18,0.726014548581843,1.3230570260014507,-2.1696588854843424,1.0,0.0
2021-10-19,0.781275603362273,1.0378333230212666,-2.8674669157322867,1.0,-0.024916248977014395
2021-10-20,0.8097442341850689,0.927263490029544,-2.937930436242489,1.0,0.02384984492972688
2021-10-21,0.8514168997622807,0.7247476858855437,-3.162263728620167,1.0,-0.0062602114851566144
2021-10-22,0.8671137317304097,0.6561709492315195,-3.0349536793152603,1.0,0.00491770600834982
2021-10-25,0.8750844235272653,0.5866384088466798,-2.9188991876926336,1.0,-0.03203656149303563
2021-10-26,0.8820475853247887,0.5223444529573777,-2.801776044451167,1.0,-0.031636255393994527
2021-10-27,0.8733532552666144,0.5674950604734441,-2.5120744206331076,1.0,0.004243532396164599
2021-10-28,0.8719734252524343,0.5825414604030419,-2.3221542507300836,1.0,0.008646450327919157
2021-10-29,0.8646387436732448,0.5920875466493634,-2.1703441488030184,1.0,-0.024594489061303078
2021-11-01,0.8600407437816138,0.6152369670522733,-2.0192210729347364,1.0,0.0015742759123948853
2021-11-02,0.8560307786442777,0.6231367521436075,-1.909799189986161,1.0,-0.01097938425787245
2021-11-03,0.8431395917615035,0.6730605860922529,-1.7482030171541925,1.0,-0.010602823820422557
2021-11-04,0.8396627614864411,0.6953332108343662,-1.6451286188664693,1.0,0.005995650056077131
2021-11-05,0.8416616839424609,0.7148719503714602,-1.5576774974635517,1.0,0.029222731158696655
2021-11-08,0.8394388849034343,0.7255503414103921,-1.485808859856245,1.0,0.00020726303557191267
2021-11-09,0.8454132209257613,0.6941026951323788,-1.4783078378014067,1.0,-0.003524978702367473
2021-11-10,0.8414727444363636,0.6671499881981369,-1.4636367588732937,1.0,-0.04418038290734871
2021-11-11,0.83489837085397,0.69469346721813,-1.3688576548832523,1.0,-0.0030586225002038944
2021-11-12,0.8378641379054393,0.7147230925889874,-1.292094983968595,1.0,0.03465933795639492
2021-11-15,0.8386569939390105,0.7637945278271232,-1.1763543282052302,1.0,0.05374882585575737
2021-11-16,0.8654817942055139,0.6283762958093595,-1.3338103733575013,1.0,-0.010655211794208235
2021-11-17,0.9125235554773794,0.43687003310443995,-1.5593193313024447,1.0,0.027773609184280703
2021-11-18,0.9095752502079794,0.4493898041718296,-1.4838018685430667,1.0,-0.0011819826026453657
2021-11-19,0.8940467059474398,0.51723234525958,-1.3384740194121187,1.0,-0.004014714752861165
2021-11-22,0.8407627988452405,0.7788584847341231,-0.9200055388991619,1.0,0.017106210066212133
2021-11-23,0.7786636234629934,1.0612781849979203,-0.47551033162254347,0.0,-0.003881849661964979
2021-11-24,0.7470431456812191,1.2036851525961039,-0.2414854768223588,0.0,-0.0
2021-11-25,0.6991533842605432,1.4033955165110608,0.07952576885908348,0.0,-0.0
2021-11-26,0.6545009995086244,1.592153368317906,0.39466734952539184,0.0,-0.0
2021-11-29,0.648659536113425,1.630225118588212,0.4947476333786621,0.0,0.0
2021-11-30,0.6738363819460522,1.5000728679837687,0.32465253383861453,0.0,-0.0
2021-12-01,0.7274376200682616,1.2654226328191651,-0.03350088229887844,0.0,0.0
2021-12-02,0.7581215056645898,1.1340207878712798,-0.23489304654608717,0.0,0.0
2021-12-03,0.7746391954753428,1.050052139024538,-0.36155242777227264,0.0,-0.0
2021-12-06,0.7746559408134048,1.0453376167647535,-0.35105044783447636,0.0,-0.0
2021-12-07,0.7747022089317206,1.0266572273714418,-0.36549883560927166,0.0,-0.0
2021-12-08,0.7761163272897436,1.0260642806460951,-0.3504002545901389,0.0,0.0
2021-12-09,0.7736741307058789,1.0209359885469569,-0.3458813663514393,0.0,-0.0
2021-12-10,0.7710601551747573,1.0796948105434834,-0.22441090683123943,0.0,0.0
2021-12-13,0.7859436934749245,1.0096722493676382,-0.3346833981070051,0.0,-0.0
2021-12-14,0.8015303598073514,0.9352238448066612,-0.45000856139388035,0.0,-0.0
2021-12-15,0.8201734578551846,0.881659014289176,-0.5266573937905673,0.0,0.0
2021-12-16,0.8756288430585496,0.5835217756427005,-1.047956201198328,0.0,-0.0
2021-12-17,0.8865559559509656,0.5430734692025512,-1.0871066311393847,0.0,0.0
2021-12-20,0.9072068562710749,0.4449999289683646,-1.2290564235272357,0.0,-0.0
2021-12-21,0.9195774841106954,0.3702264648263034,-1.3258023101908436,0.0,-0.0
2021-12-22,0.922364359054014,0.3704581408057672,-1.2830050270026303,0.0,0.0
2021-12-23,0.9335575462955765,0.32677472885743697,-1.321332956176874,0.0,0.0
2021-12-24,0.9489452991406444,0.22137231574712946,-1.470604567076144,0.0,-0.0
2021-12-27,0.9267747510204554,0.33837879409720273,-1.215334647960387,0.0,0.0
2021-12-28,0.9192236457239419,0.36986102958059774,-1.1295595644462622,0.0,-0.0
2021-12-29,0.9055451124614489,0.43002072499541644,-0.9951429951719679,0.0,-0.0
2021-12-30,0.9011484478180107,0.45290115370903283,-0.9354295371434477,0.0,0.0
2021-12-31,0.8974728829960704,0.47920990858611656,-0.8665900855567044,0.0,0.0
2022-01-03,0.8978142412386286,0.4806267534664972,-0.8542639039580457,0.0,0.0
2022-01-04,0.900498240341924,0.4476142726779164,-0.9315294203475165,0.0,-0.0
2022-01-05,0.897851133050381,0.4567113269547436,-0.9063811198007773,0.0,-0.0
2022-01-06,0.8868824580415781,0.5502271029527979,-0.6331249428394614,0.0,0.0
2022-01-07,0.8930868250328012,0.5018405718348173,-0.7495413805855807,0.0,-0.0
2022-01-10,0.8946169224752449,0.5053996502897826,-0.7132035355270586,0.0,0.0
2022-01-11,0.8949357973943627,0.5210210482039344,-0.6415117564293032,0.0,0.0
2022-01-12,0.908006405272848,0.4607261437662693,-0.8006635488755284,0.0,0.0
2022-01-13,0.9170635566391815,0.3695427777528666,-1.0513739855671325,0.0,-0.0
2022-01-14,0.9165145885085964,0.37639683769524446,-1.007827145826355,0.0,0.0
2022-01-17,0.9245792569602675,0.3694511466143684,-1.0100634132747621,0.0,0.0
2022-01-18,0.9250755644095361,0.34944954169670694,-1.0536993954250031,0.0,-0.0
2022-01-19,0.9267066616604348,0.3505007833553151,-1.0317762422001795,0.0,0.0
2022-01-20,0.9286681673895745,0.33531719892148715,-1.0551313501422408,0.0,-0.0
2022-01-21,0.9301245012178285,0.33409699830516804,-1.0372604959472718,0.0,0.0
2022-01-24,0.9310886238494384,0.35837436715194126,-0.9477863603793086,0.0,0.0
2022-01-25,0.9312557891691324,0.333470659282435,-0.996991761364992,0.0,-0.0
2022-01-26,0.9415091123248275,0.3108006006117492,-1.034604039327509,0.0,0.0
2022-01-27,0.9522386622103145,0.2516931668743796,-1.166354939319127,0.0,-0.0
2022-01-28,0.9690924498827121,0.1470930654584537,-1.4067106491978758,0.0,-0.0
2022-01-31,0.9696269367926528,0.15337200556548236,-1.3424582110462993,0.0,0.0
2022-02-01,0.9676949553074885,0.17810063070191529,-1.2362131197810389,0.0,0.0
2022-02-02,0.9693294631098018,0.16214175610749848,-1.2395580917399918,0.0,-0.0
2022-02-03,0.9454987677810337,0.2510256198462768,-0.9790533214044151,0.0,-0.0
2022-02-04,0.9033852097546865,0.4828727816850442,-0.3655519548578949,0.0,0.0
2022-02-07,0.8911512476156684,0.5337786919348462,-0.22339894132096133,0.0,-0.0
2022-02-08,0.8989952919624992,0.4661987078041907,-0.391672100777215,0.0,-0.0
2022-02-09,0.8911221005962937,0.5311479460297495,-0.22732756165291104,0.0,0.0
2022-02-10,0.9078125922491314,0.4169857194523754,-0.5226153432532997,0.0,-0.0
2022-02-11,0.9188949057847096,0.3645988935919675,-0.6502223803863034,0.0,0.0
2022-02-14,0.9432013687059226,0.2209872598023095,-0.9914414009191755,0.0,-0.0
2022-02-15,1.0103425653186386,-0.07516501721278424,-1.6829310694435402,0.0,0.0
2022-02-16,1.0718150957894528,-0.3584167763548205,-2.2782087255802357,1.0,0.0
2022-02-17,1.1262835293276994,-0.6312560444636537,-2.7786473909733074,1.0,-0.016122170471534976
2022-02-18,1.1525510051513617,-0.7499457202014899,-2.9126396495469207,1.0,0.00542339770813803
2022-02-21,1.1580276665063765,-0.7924440825705776,-2.885591159376837,1.0,-0.016436462628510465
2022-02-22,1.1799884625475174,-0.8701751119033139,-2.9039457085000406,1.0,0.026818473490603283
2022-02-23,1.1630502229456428,-0.7813126809644855,-2.557221787374707,1.0,0.008824759630431462
2022-02-24,1.1533242449178709,-0.7279431033310706,-2.3153858439718418,1.0,0.00704536634629498
2022-02-25,1.159221540062601,-0.7511393454093032,-2.2441348173637183,1.0,0.004749330338531933
2022-02-28,1.1670991320790118,-0.7374520238894124,-2.1120506516644517,1.0,0.05125972843395763
2022-03-01,1.1592665000133795,-0.7469955874105327,-2.0371443994120817,1.0,-0.046325044612268274
2022-03-02,1.129022986573429,-0.5904016961411749,-1.6593391940566724,1.0,0.013429912813151753
2022-03-03,1.0960843247465244,-0.4272933713421754,-1.289941740949948,1.0,0.0074197466468071144
2022-03-04,1.008031854102545,-0.03048387759686566,-0.4516689733574948,0.0,-0.020890369925120163
2022-03-07,1.0362313340188198,-0.18162528502066255,-0.743829783592131,0.0,-0.0
2022-03-08,1.019539475141876,-0.11599105964831224,-0.5772992727075493,0.0,-0.0
2022-03-09,0.9903990510322275,0.027655176819449956,-0.23588557228451684,0.0,0.0
2022-03-10,0.9751536752614942,0.09489778884183142,-0.06719312345705335,0.0,-0.0
2022-03-11,0.9663223748363037,0.14252470756929725,0.05627087005385306,0.0,0.0
2022-03-14,0.9477823245878176,0.2496621297838173,0.30956747812000057,0.0,0.0
2022-03-15,0.9532168366584849,0.2316027861798453,0.27409890553769867,0.0,0.0
2022-03-16,0.9614859823600183,0.17346255355038043,0.14847257897453,0.0,-0.0
2022-03-17,0.9554096304843357,0.2121731673288414,0.24248025282828456,0.0,0.0
2022-03-18,0.946476458414299,0.2478527161152213,0.32371800820871566,0.0,-0.0
2022-03-21,0.9837769853548959,0.08021790318888566,-0.0532970200933853,0.0,0.0
2022-03-22,0.9852696395193185,0.05377612466206294,-0.10260115507211078,0.0,-0.0
2022-03-23,0.9916746927158043,0.01805934219398342,-0.1703806726012119,0.0,-0.0
2022-03-24,0.9720205178050423,0.10470555622748012,0.04547889904089363,0.0,-0.0
2022-03-25,0.9378361352660811,0.30579857963943446,0.5267150232394121,0.0,0.0
2022-03-28,0.9593818317805138,0.17101819532625306,0.2226649325197556,0.0,-0.0
2022-03-29,0.9091948729994611,0.4135524747590358,0.8009993437926064,0.0,0.0
2022-03-30,0.8655819380072035,0.5982579940694848,1.227143022157545,0.0,-0.0
2022-03-31,0.7966203730425245,0.90787579699386,1.9035908628714513,0.0,-0.0
2022-04-01,0.7163714435329421,1.3088196378107257,2.6468253800657298,-1.0,0.0
2022-04-04,0.6712880124767463,1.5298000728551546,2.8824660855371,-1.0,-0.005819159705099335
2022-04-05,0.6476401132855178,1.6456464831130084,2.8702456482886354,-1.0,-0.0031609265777327606
2022-04-06,0.6201884141421009,1.773874502378483,2.8573244029650926,-1.0,0.0028458292228106773
2022-04-07,0.6054408425576772,1.8436321609623567,2.7433790968557266,-1.0,0.0005981931378057259
2022-04-08,0.5775678526857391,1.9953781878047163,2.7523979056968204,-1.0,-0.018979014370044893
2022-04-11,0.549997436899317,2.1550954459284264,2.7541864495101693,-1.0,-0.028824400823314774
2022-04-12,0.5889325824576508,1.9487860874535312,2.306500649016783,-1.0,0.020401275704129328
2022-04-13,0.5817991010703853,2.013977034881996,2.252601647919077,-1.0,-0.031629101090079624
2022-04-14,0.6563600804143822,1.6595757480931819,1.71500797498557,-1.0,-0.003959631299764217
2022-04-15,0.7277822661507175,1.2910955727032083,1.2095162498065317,-1.0,0.023796490830195284
2022-04-18,0.7407378472798141,1.2204809309768132,1.0912178553197096,-1.0,0.008210528838247536
2022-04-19,0.783563887812254,1.001251910410149,0.799890759428007,-1.0,0.013670380092965615
2022-04-20,0.7733369723395879,1.0718285736987507,0.865961597058465,-1.0,-0.02166285996991727
2022-04-21,0.8058903062483717,0.8904468932009646,0.6276443174431672,-1.0,0.025038681767629876
2022-04-22,0.7898457039341567,0.9630460650984021,0.6975524238283854,-1.0,0.004198355629372857
2022-04-25,0.7826297856937221,0.9798197428627233,0.6987752433327356,-1.0,0.01722800982920995
2022-04-26,0.7964799186892139,0.9463837814478389,0.6406058713461371,-1.0,-0.03252272846772777
2022-04-27,0.8077098498506592,0.9166314269098419,0.5879367782411853,-1.0,-0.023878984564414604
2022-04-28,0.8113860097179867,0.8977417179040019,0.550765672602235,-1.0,0.0014851907970333516
2022-04-29,0.8142437830319847,0.8672513604452199,0.5050481526015038,-1.0,0.016699283389655845
2022-05-02,0.8297498572646965,0.8000333901720222,0.4180008964962368,0.0,-0.0065206936698557535
2022-05-03,0.8414105644185009,0.744675050768576,0.34535737598022986,0.0,-0.0
2022-05-04,0.8386772433958563,0.7249259597364972,0.31744589310777044,0.0,-0.0
2022-05-05,0.8541033124459039,0.6858387781019655,0.2648961832516209,0.0,0.0
2022-05-06,0.8481018718043594,0.6884636691472901,0.2614424122614086,0.0,-0.0
2022-05-09,0.8433162434192137,0.7307339769134762,0.3020150092373127,0.0,0.0
2022-05-10,0.7850902324799925,1.0458590755642967,0.6582056862194864,0.0,0.0
2022-05-11,0.7452481111921568,1.229940338946534,0.8500641587160225,0.0,-0.0
2022-05-12,0.7172539859566343,1.373032612403319,0.9905948865074424,0.0,0.0
2022-05-13,0.6868503741810872,1.4910565530674855,1.1014376005106379,0.0,-0.0
2022-05-16,0.6639624894341744,1.5802779305528873,1.1784662342225851,0.0,-0.0
2022-05-17,0.61567377263642,1.8202255910678238,1.440363554355957,0.0,0.0
2022-05-18,0.611079536796439,1.8374105942255121,1.4245425181179119,0.0,-0.0
2022-05-19,0.611035032316186,1.8456530286873507,1.3989045450678557,0.0,0.0
2022-05-20,0.617084021114861,1.8388944274478067,1.3588605480620197,0.0,0.0
2022-05-23,0.6338229178851547,1.7723405551654237,1.2450121290922607,0.0,0.0
2022-05-24,0.7070675532913571,1.387864312328979,0.7032589257823598,0.0,-0.0
2022-05-25,0.7231035120364108,1.2842061743664965,0.5327921937843203,0.0,-0.0
2022-05-26,0.7427346464628796,1.1927668576338002,0.37255428100919546,0.0,0.0
2022-05-27,0.7580228237692486,1.123824415368266,0.24441427030310023,0.0,0.0
2022-05-30,0.750170362821022,1.161730662154722,0.2754128425849468,0.0,0.0
2022-05-31,0.7325029740246707,1.2643887916059917,0.41089981926034735,0.0,0.0
2022-06-01,0.7329281712004722,1.2570375405372882,0.3737231155598884,0.0,-0.0
2022-06-02,0.7289806313714445,1.2867945940186858,0.3976992078250235,0.0,0.0
2022-06-03,0.7305420143822784,1.3106385777192817,0.41279908089566336,0.0,0.0
2022-06-06,0.7838588889164616,1.039629466981315,-0.07485645838428935,0.0,-0.0
2022-06-07,0.813488491378292,0.9177500999971859,-0.31270866513053003,0.0,0.0
2022-06-08,0.849207293583618,0.7250922933250328,-0.6839191588660267,0.0,-0.0
2022-06-09,0.8734589101687068,0.5636844889296926,-1.0005340967387122,0.0,-0.0
2022-06-10,0.855885616314577,0.6609425580154644,-0.8480049546985976,0.0,0.0
2022-06-13,0.8453465342949034,0.6986637254580801,-0.8190323432688519,0.0,-0.0
2022-06-14,0.847542488066668,0.7104461077331372,-0.8436566852294297,0.0,0.0
2022-06-15,0.8410100225104934,0.7791931430511072,-0.7620126017448039,0.0,0.0
2022-06-16,0.8522845571028629,0.7057959187708303,-0.9651259919205352,0.0,-0.0
2022-06-17,0.8557180801135652,0.6933302863673356,-1.0257371364433259,0.0,0.0
2022-06-20,0.8798215834323612,0.5714189783856352,-1.3390994602378072,0.0,-0.0
2022-06-21,0.8852131308083475,0.5207444858264756,-1.4652108495120046,0.0,-0.0
2022-06-22,0.8810311372001081,0.5357573943092175,-1.4246576217617697,0.0,-0.0
2022-06-23,0.8644911490363518,0.6554560929266238,-1.1385718183911757,0.0,0.0
2022-06-24,0.8789773090562614,0.5569649540433241,-1.3101897130117772,0.0,-0.0
2022-06-27,0.8624249186050295,0.6484725541063536,-1.0737179500449683,0.0,0.0
2022-06-28,0.8566588453674663,0.7142576049299469,-0.900014206236682,0.0,0.0
2022-06-29,0.8925805182360061,0.5548335209653104,-1.209113641712669,0.0,0.0
2022-06-30,0.9132567920511547,0.42178891002780095,-1.4551644812659035,0.0,-0.0
2022-07-01,0.9003615157208512,0.45630977379309723,-1.3495572948567616,0.0,-0.0
2022-07-04,0.8949349733943185,0.4639741984053387,-1.3209422943014597,0.0,-0.0
2022-07-05,0.8994733389957181,0.4840454534806833,-1.251308941078376,0.0,0.0
2022-07-06,0.900638365528742,0.4256159052787867,-1.3779890390950242,0.0,-0.0
2022-07-07,0.8757913268750412,0.5585237893298665,-1.0174316429367365,0.0,0.0
2022-07-08,0.8583346800763177,0.6883204385875619,-0.664377478941177,0.0,0.0
2022-07-11,0.8708310238971634,0.6460403962498154,-0.746947661646087,0.0,0.0
2022-07-12,0.8833707264841489,0.556978764327849,-0.9471090821859037,0.0,-0.0
2022-07-13,0.8997834719032595,0.4784770711250852,-1.1092706041038791,0.0,0.0
2022-07-14,0.9043850112240337,0.46361489581227655,-1.1164839829149074,0.0,0.0
2022-07-15,0.9175967763511518,0.38383497777032627,-1.2716953511664597,0.0,-0.0
2022-07-18,0.9055842067875738,0.4406139995134133,-1.100208811607028,0.0,-0.0
2022-07-19,0.8578175841264155,0.6587523419592918,-0.5614645142296673,0.0,-0.0
2022-07-20,0.8300016587039262,0.7809626306849111,-0.2621124316615901,0.0,-0.0
2022-07-21,0.8382168312716535,0.7614260696723543,-0.3033498316829939,0.0,0.0
2022-07-22,0.8429026595604977,0.7231210724865855,-0.3890360214528075,0.0,-0.0
2022-07-25,0.8215253354997194,0.8403522552784861,-0.10961760924391958,0.0,0.0
2022-07-26,0.8169091037488245,0.8772863055877949,-0.02637290261381342,0.0,0.0
2022-07-27,0.7980991004164691,0.9718464690957771,0.1909283799206964,0.0,0.0
2022-07-28,0.7247768711736746,1.2972698381303687,0.9431012561656232,0.0,-0.0
2022-07-29,0.711752996826696,1.380673860590404,1.1055174096898588,0.0,0.0
2022-08-01,0.652187196593147,1.6295984429236792,1.6243144578956565,0.0,-0.0
2022-08-02,0.6569110955368017,1.5653217319741182,1.4302154867834243,0.0,-0.0
2022-08-03,0.8186319973581847,0.8521329063647074,-0.181423121844782,0.0,0.0
2022-08-04,0.8706046636565411,0.6024777918728654,-0.7261535560280091,0.0,-0.0
2022-08-05,0.9206912993170249,0.3588023516522929,-1.24450594626335,0.0,-0.0
2022-08-08,0.9432401425396923,0.25040138040302296,-1.4475181802789996,0.0,-0.0
2022-08-09,0.9399768435925624,0.2658922077126107,-1.3871561893017323,0.0,-0.0
2022-08-10,0.950492855768922,0.1799662701643454,-1.5679965489885117,0.0,-0.0
2022-08-11,0.967096482988531,0.15645287605601954,-1.6097685623148175,0.0,0.0
2022-08-12,0.9535290831853488,0.1758045301896063,-1.5551824722841996,0.0,-0.0
2022-08-15,0.9777623343104684,0.09542718594530086,-1.7557540712034274,0.0,0.0
2022-08-16,1.0294384071342964,-0.13630900871234974,-2.273696776029738,1.0,0.0
2022-08-17,1.0207991280519262,-0.10664073273424446,-2.092606709085976,1.0,-0.011585175523524189
2022-08-18,1.005612392084459,-0.062041862614346854,-1.8891619152978307,1.0,-0.028096263522564904
2022-08-19,0.9945562600521588,0.0123568782553507,-1.6306415738563258,1.0,0.021112632012061015
2022-08-22,0.994002267409947,-0.0031333226707559447,-1.6076642508232546,1.0,-0.01819746721624535
2022-08-23,1.015082636483509,-0.08440257456676381,-1.7482445069784136,1.0,0.01972366737666998
2022-08-24,1.015583620346836,-0.08579459380869991,-1.692137327567431,1.0,0.001017088916274318
2022-08-25,1.0206674108736309,-0.1484695840832213,-1.7876045379406187,1.0,-0.03727182528040301
2022-08-26,1.0273406585553118,-0.1636581027657824,-1.7701328324875587,1.0,0.01687464433889902
2022-08-29,1.004184976268485,-0.03532172637493147,-1.397361907165798,1.0,0.017208955760237482
2022-08-30,0.9960093964672465,-0.017027238506334363,-1.3041376129564655,1.0,-0.020445903947989848
2022-08-31,1.0313024030829532,-0.1728648712012113,-1.6216552633381514,1.0,0.012378028808765186
2022-09-01,1.024363639458111,-0.13748935295779585,-1.4784387887242798,1.0,0.002296682282866438
2022-09-02,1.059160611945011,-0.2963680572783529,-1.7738589836687306,1.0,0.007790467163845814
2022-09-05,1.1001546003139728,-0.5100541640217529,-2.141557257358427,1.0,-0.01668790429435498
2022-09-06,1.1136437445681728,-0.551728605302519,-2.10894806223842,1.0,0.023043040898935958
2022-09-07,1.1245924646259464,-0.6232536881197186,-2.1354859820742584,1.0,-0.019217029109895332
2022-09-08,1.1078372999859827,-0.5227063166924637,-1.833758498642492,1.0,0.020447847057897612
2022-09-09,1.1039161919245468,-0.5205392159972115,-1.74671823398982,1.0,-0.016905085173866397
2022-09-12,1.0861778841254741,-0.402778496145479,-1.4553133837653824,1.0,0.032404787796340984
2022-09-13,1.1102799074218992,-0.5151009473636616,-1.6059032901439059,1.0,0.0035854032421266547
2022-09-14,1.1317578956771415,-0.6088093704059956,-1.7065846218208498,1.0,0.00927799076889536
2022-09-15,1.158397088080565,-0.7425014830421617,-1.8614963835402338,1.0,-0.00625955621785235
2022-09-16,1.116199226811451,-0.5000117879465718,-1.3692963870005734,1.0,0.04233903991594166
2022-09-19,1.0951104513873127,-0.40236467876213045,-1.1543350603670266,1.0,-0.0028118209981842597
2022-09-20,1.0531280597968216,-0.23882359906416095,-0.8353552052617768,1.0,-0.036059777843265486
2022-09-21,0.9732759018051562,0.11165268420529362,-0.19982128477867314,0.0,-0.030892982961319378
2022-09-22,0.9087108636351459,0.44788099386652114,0.39837600136211226,0.0,0.0
2022-09-23,0.9544615233930996,0.22652001341540018,0.01091075734971758,0.0,-0.0
2022-09-26,0.9887423543071738,0.05451736413735908,-0.28401536063828775,0.0,-0.0
2022-09-27,1.010607685669226,-0.06392692886621987,-0.4792125877028115,0.0,-0.0
2022-09-28,1.0108390338530011,-0.05553148924218032,-0.44972246561435797,0.0,0.0
2022-09-29,1.0358555984714437,-0.16169171129091264,-0.6179750332072329,0.0,0.0
2022-09-30,1.0424348205499518,-0.21231410524407757,-0.68359349301249,0.0,-0.0
2022-10-03,1.03064654544513,-0.1614599485162227,-0.5704199005131515,0.0,-0.0
2022-10-04,1.0224025101402991,-0.14413647491270432,-0.5194125558387709,0.0,-0.0
2022-10-05,1.0216865706286142,-0.15071762181169746,-0.5128200154481874,0.0,-0.0
2022-10-06,0.9991792443500336,-0.030125449953524175,-0.28128325597585213,0.0,0.0
2022-10-07,0.9819987674849056,0.09751212278183718,-0.04212287333142295,0.0,0.0
2022-10-10,0.996706257843938,0.04466831954259831,-0.12618196788668595,0.0,0.0
2022-10-11,1.0215154606148507,-0.07794632088718867,-0.32893997489162513,0.0,-0.0
2022-10-12,1.0451211841305592,-0.182865789463599,-0.49705785094589616,0.0,0.0
2022-10-13,1.0655400368546881,-0.2941188924749296,-0.6768333138362578,0.0,-0.0
2022-10-14,1.1013285958652892,-0.4950661037653079,-1.0183531756845638,0.0,-0.0
2022-10-17,1.1257570927526146,-0.6155061546781386,-1.206769495224301,0.0,-0.0
2022-10-18,1.1156142722238502,-0.5942128706656264,-1.1334536585253236,0.0,-0.0
2022-10-19,1.093716833207283,-0.4840318518957121,-0.8976434101119184,0.0,0.0
2022-10-20,1.1040106713215696,-0.5197106483097711,-0.9579087418808362,0.0,0.0
2022-10-21,1.0877389089610465,-0.43466721847927214,-0.7775060872880988,0.0,0.0
2022-10-24,1.0938571881890142,-0.47419765669885816,-0.9038513703357469,0.0,-0.0
2022-10-25,1.0596764819435995,-0.29060127139285097,-0.43030122057642156,0.0,0.0
2022-10-26,0.9890287850629393,0.05008726104700312,0.7262628567860836,0.0,0.0
2022-10-27,0.9966148076332381,0.021647279152134047,0.7019759423121649,0.0,0.0
2022-10-28,1.0009337529216198,0.01802765272717277,0.7293200872741517,0.0,0.0
2022-10-31,0.9882394304730961,0.05693984389638462,0.8976678646917726,0.0,-0.0
2022-11-01,0.9760568751778259,0.09166907348359388,1.054004181120482,0.0,-0.0
2022-11-02,0.9622672921729564,0.14601244912119604,1.2657242218961082,0.0,-0.0
2022-11-03,0.9236426114039172,0.3517407217215247,1.993689285967629,0.0,0.0
2022-11-04,0.9273158985309515,0.3345947977275898,1.889411497860066,0.0,0.0
2022-11-07,0.8911260894920824,0.5222044463268709,2.4381077523727455,-1.0,0.0
2022-11-08,0.8894814247129484,0.5039189462336431,2.2342583110356595,-1.0,0.025994150363501257
2022-11-09,0.8900573011410932,0.5037130119572417,2.113774300107316,-1.0,-0.0025558208038432137
2022-11-10,0.885156258503233,0.5465760139584024,2.131941373323326,-1.0,-0.01903379895366575
2022-11-11,0.8849991076312735,0.5094965201945634,1.930511516691205,-1.0,0.03691981850010611
2022-11-14,0.923386276606219,0.3283463701977789,1.3512219360052002,-1.0,-0.0018780388281939126
2022-11-15,0.9602084110253613,0.1522984146424955,0.8151452064027169,-1.0,0.0005867322429679242
2022-11-16,0.9987665169360246,-0.04422523562293801,0.23596546818794936,0.0,0.012962562698087245
2022-11-17,1.018530557446777,-0.11668584155706796,0.0217201670141346,0.0,0.0
2022-11-18,1.0114414598291264,-0.08273172069472157,0.11742892775207706,0.0,0.0
2022-11-21,0.9970767856135064,0.014881441367695203,0.40117418354024686,0.0,0.0
2022-11-22,0.9954156691990624,0.03552878946351612,0.45870377955992675,0.0,0.0
2022-11-23,0.9571809307559597,0.2370310893568197,1.0200278905474134,0.0,0.0
2022-11-24,0.9543761971430733,0.2069374392480432,0.909441501779102,0.0,-0.0
2022-11-25,0.944136813980509,0.2485010218539081,0.9970020354147625,0.0,-0.0
2022-11-28,0.9381796882599253,0.27951967985584414,1.0507856865593457,0.0,0.0
2022-11-29,0.9248644318773284,0.31135005262668525,1.1064235848477877,0.0,-0.0
2022-11-30,0.9002045477114942,0.4378428973109765,1.4269807270936636,0.0,0.0
2022-12-01,0.8321601034724093,0.7987649466427822,2.3316621746892783,-1.0,0.0
2022-12-02,0.8330035906006015,0.7968759611372951,2.2038497167929227,-1.0,-0.0021848171342502744
2022-12-05,0.8459965817024919,0.709233791564083,1.8737470064593118,-1.0,0.024854133689642795
2022-12-06,0.795009148385874,0.9760568440066697,2.4302807200124468,-1.0,-0.019893268801428145
2022-12-07,0.7925140726072866,0.9896466236495907,2.3368823630888027,-1.0,-0.0015438502235318279
2022-12-08,0.8192270676771937,0.9021718503342209,2.0458761487412627,-1.0,-0.04251086141614992
2022-12-09,0.8995441008313954,0.4790536788553936,0.953245627522768,-1.0,0.034180978835528494
2022-12-12,1.0041409104683197,-0.02719261749481383,-0.35261098602176255,0.0,0.0005821450634791482
2022-12-13,1.102844900073495,-0.5224907145836912,-1.5903385021660956,0.0,-0.0
2022-12-14,1.126347159460322,-0.6254498915013622,-1.7702666677249608,0.0,0.0
2022-12-15,1.1123106755495908,-0.5258795130912848,-1.4667889757537833,0.0,0.0
2022-12-16,1.1327368089993934,-0.6354313672729184,-1.6596222913926983,0.0,-0.0
2022-12-19,1.1579291231221684,-0.7227150862387193,-1.7852867633772942,0.0,0.0
2022-12-20,1.2241275082734513,-1.0452200326436536,-2.3708193604118826,1.0,-0.0
2022-12-21,1.281761896659847,-1.3699725882823834,-2.8216329696312066,1.0,-0.044392658793211935
2022-12-22,1.2799994926040408,-1.3920373711753582,-2.6510466294007906,1.0,-0.030414019118403218
2022-12-23,1.236315550516792,-1.2218215098626288,-2.197763366981366,1.0,-0.04193791008678055
2022-12-26,1.1270397387085196,-0.6603380076768071,-1.1379762576583419,1.0,0.028350005691835038
2022-12-27,1.0963281033202013,-0.5326851951707257,-0.888243720250163,1.0,-0.02110014698929795
2022-12-28,1.025733185117461,-0.18443931040243733,-0.2579274587335699,0.0,0.005731642189832685
2022-12-29,0.9720126358723614,0.08676788276832159,0.2283759393246256,0.0,0.0
2022-12-30,0.9326118676744832,0.2872058254497354,0.5831813853151651,0.0,0.0
2023-01-02,0.9327234512409066,0.2917812359407437,0.5824020879985128,0.0,0.0
2023-01-03,0.9432823697095356,0.21963504541059464,0.4431653910721003,0.0,-0.0
2023-01-04,0.9475535954295183,0.2261593194447924,0.44218980088315984,0.0,0.0
2023-01-05,0.9769719627132747,0.07835589882622607,0.1665683144659233,0.0,-0.0
2023-01-06,0.9791009326985372,0.039361787689345284,0.08110823360156322,0.0,-0.0
2023-01-09,0.9702271408019403,0.0926192612288439,0.15761812838585648,0.0,0.0
2023-01-10,0.9656866436020337,0.15478730713247568,0.25077883081436525,0.0,0.0
2023-01-11,0.9628712873369886,0.16402283950351748,0.24961486941003794,0.0,-0.0
2023-01-12,0.9553193835366806,0.2015656863669406,0.2994536133997569,0.0,0.0
2023-01-13,0.9527085257597583,0.19456033425503705,0.268392633034649,0.0,-0.0
2023-01-16,0.9579264761732456,0.15933838350730856,0.1836774960457871,0.0,-0.0
2023-01-17,0.9680903755174167,0.12020305002386245,0.09672546493400942,0.0,0.0
2023-01-18,0.9786117400843606,0.07121493945115986,0.002670437422881849,0.0,0.0
2023-01-19,0.9964420452995607,0.03503467732252208,-0.0667267845517958,0.0,0.0
2023-01-20,0.9884207684598328,0.06329784612239564,-0.014287037036926591,0.0,-0.0
2023-01-23,0.9898841035991237,0.046891579736692,-0.04524578164154735,0.0,-0.0
2023-01-24,0.9818256060284084,0.08254082202404689,0.023008986117229492,0.0,-0.0
2023-01-25,0.963211756778908,0.1324638266568261,0.11862432365800589,0.0,-0.0
2023-01-26,0.9769973681574967,0.05305704383088017,-0.023339800617477285,0.0,-0.0
2023-01-27,0.9986674525468807,-0.048897187582373824,-0.20638957041958536,0.0,0.0
2023-01-30,1.0114699144445665,-0.09504993393699035,-0.27677488150625773,0.0,0.0
2023-01-31,1.029248695963054,-0.14828281241235608,-0.36040038088398363,0.0,0.0
2023-02-01,1.0217986697855037,-0.11404506710965467,-0.2758764519976641,0.0,-0.0
2023-02-02,1.0159002421407928,-0.06597200274346537,-0.16363503455111286,0.0,0.0
2023-02-03,1.0217316472878888,-0.11879299921173914,-0.24882800686197726,0.0,-0.0
2023-02-06,1.0005540795768089,-0.011429378959882719,-0.024881539644354068,0.0,0.0
2023-02-07,0.974151265118139,0.08433651974829015,0.16794969254209272,0.0,-0.0
2023-02-08,0.9630718388556222,0.10648770296512744,0.20697256125896327,0.0,-0.0
2023-02-09,0.9325545174382761,0.2583640664348055,0.49589071333963597,0.0,0.0
2023-02-10,0.9177638512992491,0.38595463380392303,0.7306329408562409,0.0,0.0
2023-02-13,0.9110797992246236,0.43640007276386594,0.8118542159121164,0.0,0.0
2023-02-14,0.907675213962533,0.45080120370826293,0.821742708895268,0.0,-0.0
2023-02-15,0.9115234365512153,0.4371388069844713,0.7854143279647788,0.0,0.0
2023-02-16,0.9155246866144817,0.3840107556115573,0.6742179239404367,0.0,-0.0
2023-02-17,0.9191796381283871,0.38087008113348997,0.6622880157161225,0.0,0.0
2023-02-20,0.9101888554021437,0.43868833215704406,0.7666746186888973,0.0,0.0
2023-02-21,0.8901260931130149,0.535006823515574,0.9404165978546901,0.0,0.0
2023-02-22,0.8805549590773453,0.5647338015165593,0.989880836789079,0.0,-0.0
2023-02-23,0.8978759854331771,0.48605495755244466,0.8593169533835409,0.0,0.0
2023-02-24,0.9104318709235303,0.436095783221341,0.7846809045266365,0.0,0.0
2023-02-27,0.9307807531135615,0.3212964761739263,0.5792073871735741,0.0,-0.0
2023-02-28,0.9484494087802608,0.24341149468444634,0.46220166441578775,0.0,0.0
2023-03-01,0.9723939851866472,0.12182049837948927,0.2515721543273446,0.0,-0.0
2023-03-02,0.9833515463938224,0.10716787579566045,0.25661482953996484,0.0,0.0
2023-03-03,1.036169225649242,-0.18584964612570953,-0.3632173034500079,0.0,-0.0
2023-03-06,1.0433236569691968,-0.2408696580724916,-0.47583339029075467,0.0,-0.0
2023-03-07,1.0349659907319833,-0.23679556724932738,-0.481403104624939,0.0,-0.0
2023-03-08,0.9976199695664228,-0.04021414686473168,-0.06752432851493065,0.0,0.0
2023-03-09,0.9702268355511365,0.12265207961026636,0.27864859608953885,0.0,0.0
2023-03-10,0.968972290713745,0.11228666001729071,0.2306867465346827,0.0,-0.0
2023-03-13,0.9454766158921575,0.2419973208692756,0.5064802655863578,0.0,0.0
2023-03-14,0.9326947981497089,0.2898595366224406,0.6004265520317709,0.0,-0.0
2023-03-15,0.9131724413623225,0.38125017588403676,0.852069843410155,0.0,-0.0
2023-03-16,0.898615515124244,0.4740902531723332,1.211843697122139,0.0,0.0
2023-03-17,0.906090050261485,0.4634495049014822,1.3148205117063465,0.0,0.0
2023-03-20,0.9395522417355406,0.297720217823386,0.6356452314060145,0.0,-0.0
2023-03-21,0.9581268894784112,0.20798924128749086,0.19555798618452505,0.0,0.0
2023-03-22,0.9769986343745246,0.07808075138250459,-0.47253956661239244,0.0,-0.0
2023-03-23,0.972322830599323,0.11221541695245829,-0.30385103072294406,0.0,0.0
2023-03-24,0.9728552578292026,0.09342987489376586,-0.38247117427073196,0.0,-0.0
2023-03-27,0.9644546315131453,0.16855800471911753,0.005236865621466606,0.0,0.0
2023-03-28,0.9713938453499139,0.10814784017189982,-0.2897972816934765,0.0,-0.0
2023-03-29,0.9660986743836408,0.15013344852661437,-0.07190890218593426,0.0,0.0
2023-03-30,0.9681748210293422,0.1568465590246957,-0.044725615888045495,0.0,0.0
2023-03-31,0.9776128897471162,0.12014878557003783,-0.23759757551363064,0.0,0.0
2023-04-03,0.9875570382265539,0.10375955028122252,-0.32167529309422577,0.0,0.0
2023-04-04,1.0035750488929915,-0.01670577504568893,-0.9111264826410885,0.0,-0.0
2023-04-05,1.0119823883826586,-0.02193399431667231,-0.9151605001190112,0.0,0.0
2023-04-06,1.0284666474431,-0.13484799239105438,-1.426012647279563,0.0,-0.0
2023-04-07,1.036070837487203,-0.17815473916486457,-1.5738834624665015,0.0,-0.0
2023-04-10,1.0363386304746194,-0.1523495739119003,-1.4006830072596896,0.0,0.0
2023-04-11,1.0394665832621601,-0.1824794773453462,-1.489959669475086,0.0,-0.0
2023-04-12,1.0427046156440778,-0.18820710189234546,-1.4696011609216793,0.0,0.0
2023-04-13,1.045595978990982,-0.20324198925263204,-1.4930920914314527,0.0,-0.0
2023-04-14,1.0671933359636636,-0.34350109542637064,-2.016524888887544,1.0,-0.0
2023-04-17,1.0778026022167193,-0.4270608031427807,-2.24121082604901,1.0,-0.031288250692850045
2023-04-18,1.0746103130381721,-0.39658769090571955,-2.0091424691305595,1.0,0.014584373466467324
2023-04-19,1.0779866602708381,-0.4377966203585535,-2.056204534989339,1.0,-0.025017777840059117
2023-04-20,1.046214780759007,-0.31759741763220717,-1.5398457524278473,1.0,-0.03757773014819138
2023-04-21,0.9891650220726963,0.020444086584737065,-0.2756237724348866,0.0,0.05365047330221712
2023-04-24,0.9636508996413801,0.13373928109419886,0.136692054590394,0.0,-0.0
2023-04-25,0.9379552494283279,0.24534624745920475,0.5360913073393874,0.0,-0.0
2023-04-26,0.9202538913414773,0.38252209377875346,1.022125938007257,0.0,0.0
2023-04-27,0.9222844042919598,0.3728084173347712,0.953913410815669,0.0,0.0
2023-04-28,0.9356181743480123,0.297407259319872,0.6457996403362558,0.0,-0.0
2023-05-01,0.9318611834499609,0.28603262476779445,0.5836931897576192,0.0,-0.0
2023-05-02,0.9177563010936783,0.38321026605558917,0.9254826646787633,0.0,0.0
2023-05-03,0.8933821467884938,0.5298070733646858,1.4237110832866848,0.0,0.0
2023-05-04,0.866514413091501,0.6291631165478515,1.7240153258675792,0.0,-0.0
2023-05-05,0.8257318186750109,0.8327927654483425,2.3278583992574493,-1.0,0.0
2023-05-08,0.8135406571407908,0.9475314830684747,2.55791695785873,-1.0,-0.05570988391495547
2023-05-09,0.8378200532317759,0.7837148734297994,1.9515524758616025,-1.0,0.04120735483307708
2023-05-10,0.841561089883974,0.7753580638197652,1.8607240033560417,-1.0,-0.010090905077408868
2023-05-11,0.8526930802029998,0.7135047488816726,1.6193598712142614,-1.0,0.00668946326462147
2023-05-12,0.8320186143080347,0.8014051582879675,1.8178460940878276,-1.0,0.014048410747641203
2023-05-15,0.8122364381935927,0.8932572226246229,2.004766090729883,-1.0,0.005738609804394433
2023-05-16,0.8099529055640337,0.9168017513418221,1.9986396674527023,-1.0,-0.01253676860936891
2023-05-17,0.8111805705045286,0.9477379878123786,2.0118517524996893,-1.0,-0.036549438894554455
2023-05-18,0.7784261563781955,1.105578527775012,2.3114996265237058,-1.0,0.0033593199987777406
2023-05-19,0.7681920502180185,1.1267746770166944,2.2396277394472537,-1.0,0.029112494676787212
2023-05-22,0.7669738606281641,1.1443558039945896,2.1580620889934288,-1.0,-0.011795751628541455
2023-05-23,0.7650057228889571,1.1531517050009548,2.0627114407008427,-1.0,0.0010107026184580624
2023-05-24,0.7749255811598706,1.109533992634069,1.8668545433540984,-1.0,-0.00580711615040101
2023-05-25,0.7869049360080339,1.0458191800010308,1.6508299076835675,-1.0,0.004034368669173172
2023-05-26,0.8133294723987672,0.9118511486529535,1.3099623260376425,-1.0,0.002776906693389836
2023-05-29,0.8212253149173563,0.871739932301753,1.1826080798664864,-1.0,0.0008042486493892356
2023-05-30,0.808091115806008,0.9102679716654993,1.2251934279529617,-1.0,0.02681134585345035
2023-05-31,0.7229531080069898,1.34687392780166,2.0605843897626834,-1.0,-0.011065069687257406
2023-06-01,0.674421500999312,1.6000317997984843,2.4177205832588076,-1.0,-0.011381462970288025
2023-06-02,0.6449124951252463,1.7266701205752653,2.482099753006084,-1.0,0.020128888206327054
2023-06-05,0.5970103286957217,1.981129782268181,2.7219929831205336,-1.0,-0.016429387668390263
2023-06-06,0.5557862033469775,2.216870980902215,2.8607507154676117,-1.0,-0.030401095046439414
2023-06-07,0.5566136116336757,2.215794702485739,2.6356491317652426,-1.0,-0.0030488735985012977
2023-06-08,0.5682044069184503,2.161528526614895,2.382244117723605,-1.0,-0.0036948542680304546
2023-06-09,0.6051364198077844,1.985880565840438,2.0124650457011994,-1.0,-0.009461639987078541
2023-06-12,0.6709933559852718,1.6479083388767743,1.4741889334133667,-1.0,0.007187409625315217
2023-06-13,0.7226173915482899,1.4306222637668817,1.1328077660575189,-1.0,-0.042824410288271275
