,conditional_volatility
2019-01-01,0.010320430643958886
2019-01-02,0.009866296827475732
2019-01-03,0.00954825951888468
2019-01-04,0.009183035746328718
2019-01-07,0.009122026598563341
2019-01-08,0.008727804780721748
2019-01-09,0.0083165232119798
2019-01-10,0.007980958526838937
2019-01-11,0.00842254771694522
2019-01-14,0.008927318161792167
2019-01-15,0.009710941407218449
2019-01-16,0.009342633834624017
2019-01-17,0.008915573638573187
2019-01-18,0.0085987508232874
2019-01-21,0.008421112140554216
2019-01-22,0.00805557931735614
2019-01-23,0.007790373225967214
2019-01-24,0.007521093853066266
2019-01-25,0.007268306662711731
2019-01-28,0.006981848382378796
2019-01-29,0.0069913317650922005
2019-01-30,0.0071381940394564004
2019-01-31,0.006931575621046802
2019-02-01,0.006694472781889957
2019-02-04,0.006674113167032651
2019-02-05,0.00692207594133461
2019-02-06,0.008302738143349267
2019-02-07,0.007930280158512272
2019-02-08,0.007601498334902361
2019-02-11,0.007571995378544629
2019-02-12,0.008618620742801116
2019-02-13,0.00857840350964948
2019-02-14,0.008663098770987766
2019-02-15,0.008419922473159598
2019-02-18,0.008044765660024676
2019-02-19,0.007752701343954501
2019-02-20,0.007423675119313338
2019-02-21,0.007116251261795635
2019-02-22,0.00989507268012597
2019-02-25,0.009688715505473875
2019-02-26,0.009800071824969576
2019-02-27,0.009337650419316305
2019-02-28,0.008880521879685924
2019-03-01,0.010877073662305822
2019-03-04,0.01085176575298618
2019-03-05,0.01060100137835471
2019-03-06,0.010052542612787313
2019-03-07,0.009542552706178802
2019-03-08,0.009149377569976892
2019-03-11,0.008730873398023387
2019-03-12,0.008910585828393618
2019-03-13,0.008491710652696242
2019-03-14,0.0082686930017388
2019-03-15,0.008667428505981806
2019-03-18,0.008361868873314773
2019-03-19,0.008231804590811985
2019-03-20,0.008189397335206343
2019-03-21,0.007954409925646075
2019-03-22,0.007677582217755055
2019-03-25,0.007643519486245204
2019-03-26,0.007459005240583912
2019-03-27,0.0071770350331344
2019-03-28,0.007605523143615076
2019-03-29,0.0090019589639275
2019-04-01,0.008838696250509369
2019-04-02,0.008672274244830967
2019-04-03,0.009550958222280725
2019-04-04,0.009110973422079642
2019-04-05,0.00893862949308884
2019-04-08,0.009102220560698069
2019-04-09,0.008711615053659914
2019-04-10,0.008660761355446836
2019-04-11,0.008937168422063522
2019-04-12,0.00875051445834671
2019-04-15,0.008349950817697694
2019-04-16,0.008566365269751217
2019-04-17,0.008212409824525955
2019-04-18,0.00787725564808879
2019-04-19,0.007640764404127552
2019-04-22,0.007438296594357104
2019-04-23,0.007128765552884022
2019-04-24,0.007103060515781515
2019-04-25,0.007333887211353555
2019-04-26,0.0070738401544168895
2019-04-29,0.006805330443572427
2019-04-30,0.00654979458066662
2019-05-01,0.007347207454724837
2019-05-02,0.0075351923610831794
2019-05-03,0.00863580356879497
2019-05-06,0.008232454376254748
2019-05-07,0.007861701748656542
2019-05-08,0.007848140957080823
2019-05-09,0.007506627893942403
2019-05-10,0.008115049334494914
2019-05-13,0.007801854255587523
2019-05-14,0.007687504160616771
2019-05-15,0.007545507972347212
2019-05-16,0.008298012106681154
2019-05-17,0.008276869922736229
2019-05-20,0.007915669944307589
2019-05-21,0.007813426124378308
2019-05-22,0.00790179931262247
2019-05-23,0.007713350310778456
2019-05-24,0.007390388210266024
2019-05-27,0.007168249356637218
2019-05-28,0.006889648337520685
2019-05-29,0.006878416594848454
2019-05-30,0.006656703020994283
2019-05-31,0.006775887508109668
2019-06-03,0.00703032053927012
2019-06-04,0.006971657349910223
2019-06-05,0.007743073592569722
2019-06-06,0.007420351722439645
2019-06-07,0.007122229044767773
2019-06-10,0.006866844419686878
2019-06-11,0.006685222051673038
2019-06-12,0.006547964270399098
2019-06-13,0.006313827756912491
2019-06-14,0.007977709930612102
2019-06-17,0.008055952909474855
2019-06-18,0.007728441996627462
2019-06-19,0.007904018700207568
2019-06-20,0.007567775247523038
2019-06-21,0.007248078150177737
2019-06-24,0.007508024290999679
2019-06-25,0.008247731267734275
2019-06-26,0.008776060929117093
2019-06-27,0.008492756071342804
2019-06-28,0.008100907576115557
2019-07-01,0.009362108814856523
2019-07-02,0.00990528088653809
2019-07-03,0.010486883176124588
2019-07-04,0.010582822753179866
2019-07-05,0.010753182471550883
2019-07-08,0.010654773706209774
2019-07-09,0.010808484628129146
2019-07-10,0.010496816172274586
2019-07-11,0.010190669370063994
2019-07-12,0.011098537193488252
2019-07-15,0.010534326445369745
2019-07-16,0.010196179265651813
2019-07-17,0.00967755148898394
2019-07-18,0.009248615319568476
2019-07-19,0.008916895798531681
2019-07-22,0.008902751137643168
2019-07-23,0.008523898861823849
2019-07-24,0.008176760529906657
2019-07-25,0.008502177748289668
2019-07-26,0.00836685704858663
2019-07-29,0.010129091616640338
2019-07-30,0.009834610905917938
2019-07-31,0.009380560416316566
2019-08-01,0.009404508469668475
2019-08-02,0.009228238791456466
2019-08-05,0.008813848692626794
2019-08-06,0.011049929867969556
2019-08-07,0.010880865102925361
2019-08-08,0.01031236686934601
2019-08-09,0.009783920686843833
2019-08-12,0.009297157479729505
2019-08-13,0.0092964456555379
2019-08-14,0.009575563878387192
2019-08-15,0.009475955946980356
2019-08-16,0.009039995168143567
2019-08-19,0.008658106742147753
2019-08-20,0.00852119461150145
2019-08-21,0.008125996195893003
2019-08-22,0.009698484842607595
2019-08-23,0.009215363659303331
2019-08-26,0.01019102727629624
2019-08-27,0.009778213476240371
2019-08-28,0.009467805412978215
2019-08-29,0.009935267127301506
2019-08-30,0.009449521192273267
2019-09-02,0.009222991417348538
2019-09-03,0.009133108384991815
2019-09-04,0.008693597642636565
2019-09-05,0.00836453340656554
2019-09-06,0.007981260050597063
2019-09-09,0.00803247455187565
2019-09-10,0.008447154386792048
2019-09-11,0.008650855632846446
2019-09-12,0.008719451913900089
2019-09-13,0.009228893202511518
2019-09-16,0.008783668847774945
2019-09-17,0.008450386202279085
2019-09-18,0.008066397850221653
2019-09-19,0.007707135729308296
2019-09-20,0.008833475666949238
2019-09-23,0.009192792184905384
2019-09-24,0.009308748012446168
2019-09-25,0.01004789778193038
2019-09-26,0.009544629648003712
2019-09-27,0.00907930899937606
2019-09-30,0.008931122689370056
2019-10-01,0.008656597627458431
2019-10-02,0.00907502780167678
2019-10-03,0.008884600897210493
2019-10-04,0.008484440258365936
2019-10-07,0.008621680265584337
2019-10-08,0.008267174186322767
2019-10-09,0.007919228502673329
2019-10-10,0.007651993823866393
2019-10-11,0.007867766266599744
2019-10-14,0.008231428033584624
2019-10-15,0.008014766460269935
2019-10-16,0.007817579022655721
2019-10-17,0.007810960195400259
2019-10-18,0.00761960955073686
2019-10-21,0.0073326600208644165
2019-10-22,0.007824071288831216
2019-10-23,0.007742525232968091
2019-10-24,0.007511556721445554
2019-10-25,0.007397373681303694
2019-10-28,0.00774170698082097
2019-10-29,0.007890672580916877
2019-10-30,0.010301966361774136
2019-10-31,0.009860496144591238
2019-11-01,0.009379980379700559
2019-11-04,0.009320738100510534
2019-11-05,0.009878531957805886
2019-11-06,0.009392426161835297
2019-11-07,0.009069806756107962
2019-11-08,0.009669066345521738
2019-11-11,0.009341351796646927
2019-11-12,0.009790009816491821
2019-11-13,0.010638885306168737
2019-11-14,0.010535278138215571
2019-11-15,0.011095667667657728
2019-11-18,0.012240999251578113
2019-11-19,0.011741208527593316
2019-11-20,0.012604799683242381
2019-11-21,0.012475992701771167
2019-11-22,0.011844494877603506
2019-11-25,0.01123286881476387
2019-11-26,0.015451442971805195
2019-11-27,0.015829741995657558
2019-11-28,0.015788170176638874
2019-11-29,0.015161640295147773
2019-12-02,0.01513787069026133
2019-12-03,0.015065990265182001
2019-12-04,0.014824896267082065
2019-12-05,0.014695293782699577
2019-12-06,0.019218677075634915
2019-12-09,0.019072196765415057
2019-12-10,0.018341594285560217
2019-12-11,0.018059463135149906
2019-12-12,0.01832145810146267
2019-12-13,0.01774090113559054
2019-12-16,0.016778653169951606
2019-12-17,0.0158305771982265
2019-12-18,0.016045635174041253
2019-12-19,0.015540679988544399
2019-12-20,0.018911067880868573
2019-12-23,0.024525769249359546
2019-12-24,0.024327328378859397
2019-12-25,0.024371538581290354
2019-12-26,0.023522694211766386
2019-12-27,0.025694709288030256
2019-12-30,0.02438705096638876
2019-12-31,0.023174645807167136
2020-01-01,0.022288357467799617
2020-01-02,0.021477441097539223
2020-01-03,0.020883235658643386
2020-01-06,0.01975719669938028
2020-01-07,0.020163016743986413
2020-01-08,0.019776703752073823
2020-01-09,0.020368344766895884
2020-01-10,0.01936466456902675
2020-01-13,0.018869801136086117
2020-01-14,0.017763396453245126
2020-01-15,0.01673247519086012
2020-01-16,0.016123113875749728
2020-01-17,0.016750988270404506
2020-01-20,0.015839813529502096
2020-01-21,0.014954648879368346
2020-01-22,0.01580000423996202
2020-01-23,0.016815842156512547
2020-01-24,0.017049625622150195
2020-01-27,0.016061880591842333
2020-01-28,0.01517301399622766
2020-01-29,0.015535676776673018
2020-01-30,0.014899351235209007
2020-01-31,0.014073338477243439
2020-02-03,0.01328665599692773
2020-02-04,0.012695920324740158
2020-02-05,0.01216532866537446
2020-02-06,0.011523293457859851
2020-02-07,0.01090893353600305
2020-02-10,0.015031786161855448
2020-02-11,0.01438860127713
2020-02-12,0.014958383474008463
2020-02-13,0.01414498448621118
2020-02-14,0.013349237266306423
2020-02-17,0.013509279058023087
2020-02-18,0.01276372618900874
2020-02-19,0.012066815590434272
2020-02-20,0.011413879932080415
2020-02-21,0.010806537709709144
2020-02-24,0.01034038921723743
2020-02-25,0.010120474409465447
2020-02-26,0.011490427336622373
2020-02-27,0.011402091045304708
2020-02-28,0.011031463371153854
2020-03-02,0.01051520974181251
2020-03-03,0.010371604630216535
2020-03-04,0.010124515851096156
2020-03-05,0.009699295458326882
2020-03-06,0.009218377560690872
2020-03-09,0.009086390286557874
2020-03-10,0.008806742131246284
2020-03-11,0.008586079294619343
2020-03-12,0.008206530251869674
2020-03-13,0.008235563843183295
2020-03-16,0.008514178290845342
2020-03-17,0.009370874368116046
2020-03-18,0.008970341152750735
2020-03-19,0.00955981104252243
2020-03-20,0.009747281596172165
2020-03-23,0.009386792909171602
2020-03-24,0.009427532879177454
2020-03-25,0.009051316692067017
2020-03-26,0.008792111806141116
2020-03-27,0.008484700536216498
2020-03-30,0.008350718766196143
2020-03-31,0.008175071068109056
2020-04-01,0.008392651199707559
2020-04-02,0.008066870356930397
2020-04-03,0.007714491050937773
2020-04-06,0.007577827293474817
2020-04-07,0.00726569520174852
2020-04-08,0.007889505546910064
2020-04-09,0.007603072240707889
2020-04-10,0.010047004711903843
2020-04-13,0.00959568011710925
2020-04-14,0.009278080250945826
2020-04-15,0.009118504479063975
2020-04-16,0.008685764008833861
2020-04-17,0.008337594882132041
2020-04-20,0.008262118313886705
2020-04-21,0.007906249818458175
2020-04-22,0.008319071595695967
2020-04-23,0.0087531897229706
2020-04-24,0.008350188318410794
2020-04-27,0.008593644109206622
2020-04-28,0.00909960857443751
2020-04-29,0.009361410361767844
2020-04-30,0.008955568473369369
2020-05-01,0.008816726346250796
2020-05-04,0.009300996760640251
2020-05-05,0.009085989708501947
2020-05-06,0.008658204491796002
2020-05-07,0.008644107874105836
2020-05-08,0.00846784884588868
2020-05-11,0.008076757894242734
2020-05-12,0.007917131841779255
2020-05-13,0.007638372646628017
2020-05-14,0.007350314765511065
2020-05-15,0.007055317195592605
2020-05-18,0.0076426640589683775
2020-05-19,0.0073170414603783
2020-05-20,0.007167778994059316
2020-05-21,0.007176923422505576
2020-05-22,0.00698965743656649
2020-05-25,0.007020105395010898
2020-05-26,0.0068983804814356725
2020-05-27,0.006656402581766535
2020-05-28,0.006583693019645261
2020-05-29,0.0063924360963184485
2020-06-01,0.006172619657064641
2020-06-02,0.0062672369958107
2020-06-03,0.007822262844367704
2020-06-04,0.007838412142171633
2020-06-05,0.00755122323552222
2020-06-08,0.007235895045438996
2020-06-09,0.007044951055281241
2020-06-10,0.008202190578898474
2020-06-11,0.008062581629674829
2020-06-12,0.007928752816162269
2020-06-15,0.0075804802941569745
2020-06-16,0.01297775927412179
2020-06-17,0.012266100484730147
2020-06-18,0.011966978763879674
2020-06-19,0.013020506641425861
2020-06-22,0.013903902197405761
2020-06-23,0.013197434286480647
2020-06-24,0.013153109926061167
2020-06-25,0.012441824847462153
2020-06-26,0.012930133028401788
2020-06-29,0.013572476202149221
2020-06-30,0.012864537008280668
2020-07-01,0.012846906513480924
2020-07-02,0.01216116810333389
2020-07-03,0.011534658911699285
2020-07-06,0.01105037650496173
2020-07-07,0.01052312998996736
2020-07-08,0.010103776557844666
2020-07-09,0.00966279593299288
2020-07-10,0.009447322784173604
2020-07-13,0.009060037722128858
2020-07-14,0.008924473728481928
2020-07-15,0.009221893345671138
2020-07-16,0.011103744721127538
2020-07-17,0.01072920145996526
2020-07-20,0.0113066561347465
2020-07-21,0.01145961576487386
2020-07-22,0.01088202652920304
2020-07-23,0.010880052329078994
2020-07-24,0.010347801356881438
2020-07-27,0.010879289877419967
2020-07-28,0.010445422073011686
2020-07-29,0.010032767755669589
2020-07-30,0.009529097481291694
2020-07-31,0.009059788023630612
2020-08-03,0.008902549754360927
2020-08-04,0.00855281070537126
2020-08-05,0.00919170217784384
2020-08-06,0.008857450203927413
2020-08-07,0.008468600841792427
2020-08-10,0.008182502579926743
2020-08-11,0.008003907565596765
2020-08-12,0.007786177076385584
2020-08-13,0.007533536340553102
2020-08-14,0.007346353896974791
2020-08-17,0.007477622996947974
2020-08-18,0.00720370425621036
2020-08-19,0.007237629566183639
2020-08-20,0.00723221662589828
2020-08-21,0.0070014699011286775
2020-08-24,0.006937547638811481
2020-08-25,0.006693150100089555
2020-08-26,0.006647739635723474
2020-08-27,0.006415272445372965
2020-08-28,0.006193677969603315
2020-08-31,0.006065373435847337
2020-09-01,0.005926426950797114
2020-09-02,0.00575262705504632
2020-09-03,0.005869201450206612
2020-09-04,0.005705794537751004
2020-09-07,0.005763657868463822
2020-09-08,0.005739985313690294
2020-09-09,0.005579322237665372
2020-09-10,0.00551927689835687
2020-09-11,0.005379752059081492
2020-09-14,0.005322781542542335
2020-09-15,0.005278609384768895
2020-09-16,0.005167018860862605
2020-09-17,0.005065243501069282
2020-09-18,0.005067258864972792
2020-09-21,0.005117423004656029
2020-09-22,0.00551757638589697
2020-09-23,0.005404858091880924
2020-09-24,0.00568820008394686
2020-09-25,0.005831926525544263
2020-09-28,0.006311118463981791
2020-09-29,0.006168808309605975
2020-09-30,0.006268012679240444
2020-10-01,0.006278919904433131
2020-10-02,0.006660942725759165
2020-10-05,0.0074685723401314895
2020-10-06,0.007308367131907064
2020-10-07,0.007010114419736877
2020-10-08,0.00698692310979165
2020-10-09,0.006937999647937626
2020-10-12,0.007475667704974616
2020-10-13,0.007517213596926532
2020-10-14,0.007393077918043329
2020-10-15,0.007419575410995352
2020-10-16,0.007195148862835876
2020-10-19,0.00716644096440651
2020-10-20,0.007938624266864796
2020-10-21,0.007941629782255313
2020-10-22,0.007686778511131326
2020-10-23,0.00803290493673932
2020-10-26,0.010969910068662818
2020-10-27,0.01041049149006871
2020-10-28,0.010699783866775033
2020-10-29,0.011731058561450647
2020-10-30,0.011682498143126194
2020-11-02,0.011056784667474983
2020-11-03,0.01076040051901265
2020-11-04,0.010440227242378598
2020-11-05,0.010024965807161336
2020-11-06,0.00989203072889464
2020-11-09,0.009826736512199414
2020-11-10,0.00935854212457501
2020-11-11,0.009716966944387838
2020-11-12,0.009231441430105864
2020-11-13,0.01087789188642856
2020-11-16,0.010317192207082933
2020-11-17,0.00979180043007826
2020-11-18,0.00931038254821752
2020-11-19,0.010146439462461694
2020-11-20,0.009688824887261895
2020-11-23,0.009261900731860449
2020-11-24,0.00881514175943014
2020-11-25,0.009145126125969493
2020-11-26,0.011734872670850232
2020-11-27,0.011146217627658118
2020-11-30,0.01165003320095417
2020-12-01,0.012052326372987431
2020-12-02,0.011629747762041532
2020-12-03,0.011916424609484928
2020-12-04,0.011273476825749678
2020-12-07,0.011030388126848657
2020-12-08,0.012418744961489519
2020-12-09,0.011785512285491117
2020-12-10,0.013149281144451758
2020-12-11,0.013878486341742633
2020-12-14,0.013156552925580923
2020-12-15,0.012901584537598305
2020-12-16,0.01619114033655713
2020-12-17,0.01580360183045396
2020-12-18,0.016594793326025512
2020-12-21,0.015677959987553357
2020-12-22,0.014911479655498919
2020-12-23,0.016440328454069182
2020-12-24,0.015746293067523835
2020-12-25,0.016101952007246435
2020-12-28,0.017422214904211822
2020-12-29,0.01681819471442797
2020-12-30,0.01657951889936204
2020-12-31,0.01650808712043451
2021-01-01,0.015919298625885696
2021-01-04,0.018394637627246586
2021-01-05,0.01938204475151501
2021-01-06,0.018283662026488567
2021-01-07,0.017240779296596547
2021-01-08,0.01748893854091586
2021-01-11,0.01669351807126306
2021-01-12,0.01573710760064938
2021-01-13,0.01543626377489876
2021-01-14,0.01516872426385614
2021-01-15,0.01503577787546281
2021-01-18,0.015467599229011935
2021-01-19,0.015305555694216856
2021-01-20,0.015470373426616512
2021-01-21,0.01539149334212475
2021-01-22,0.014523301309223805
2021-01-25,0.014069689563890375
2021-01-26,0.013673290843865368
2021-01-27,0.014600538093488779
2021-01-28,0.013783589665161173
2021-01-29,0.01663150666480837
2021-02-01,0.016519012812685866
2021-02-02,0.015587761048501349
2021-02-03,0.015200009276832424
2021-02-04,0.016357472656743026
2021-02-05,0.015483910767876962
2021-02-08,0.014787431876468318
2021-02-09,0.0143178052200565
2021-02-10,0.014156303312719823
2021-02-11,0.013475823783772678
2021-02-12,0.012830413430809933
2021-02-15,0.012227028785747432
2021-02-16,0.01166381300341412
2021-02-17,0.011258591466019237
2021-02-18,0.011448837218066178
2021-02-19,0.010845780771807829
2021-02-22,0.010455180848141047
2021-02-23,0.010364774373804933
2021-02-24,0.011343227687618133
2021-02-25,0.011725540912173938
2021-02-26,0.01136975058206925
2021-03-01,0.013341023543536838
2021-03-02,0.012710480374200814
2021-03-03,0.012119738570567942
2021-03-04,0.015022461702309284
2021-03-05,0.014269331814243951
2021-03-08,0.013917444371978342
2021-03-09,0.01318054097478539
2021-03-10,0.012625840923801179
2021-03-11,0.012873587326740507
2021-03-12,0.013346760038351045
2021-03-15,0.014123356124868312
2021-03-16,0.013620729603388176
2021-03-17,0.013007358318207492
2021-03-18,0.012616229035089811
2021-03-19,0.012917646104532986
2021-03-22,0.01242792059545395
2021-03-23,0.013577907294974491
2021-03-24,0.014737017270518979
2021-03-25,0.014309861436989453
2021-03-26,0.014453466007402384
2021-03-29,0.01380211111622547
2021-03-30,0.013237929493186773
2021-03-31,0.013655034770289943
2021-04-01,0.01658673212960428
2021-04-02,0.017248178599685422
2021-04-05,0.016431596634529463
2021-04-06,0.01738665553101351
2021-04-07,0.018315115702700595
2021-04-08,0.01778955143944314
2021-04-09,0.018218806775375934
2021-04-12,0.01719474014905379
2021-04-13,0.016291802317496232
2021-04-14,0.016182977270096537
2021-04-15,0.01663492655288671
2021-04-16,0.015695457705512783
2021-04-19,0.01494925963839068
2021-04-20,0.014216115171206734
2021-04-21,0.014179002331077389
2021-04-22,0.01381114008635634
2021-04-23,0.013141314096752479
2021-04-26,0.013032220895392665
2021-04-27,0.012452817951871488
2021-04-28,0.012322919907211705
2021-04-29,0.011654516416915523
2021-04-30,0.011226367111579134
2021-05-03,0.01152477730501428
2021-05-04,0.012276007985522072
2021-05-05,0.012100531537908726
2021-05-06,0.011712287655221065
2021-05-07,0.012294183557253278
2021-05-10,0.011837608246653749
2021-05-11,0.011284602307903346
2021-05-12,0.012193371712914347
2021-05-13,0.011720414164158928
2021-05-14,0.01149061086462843
2021-05-17,0.011037340505891039
2021-05-18,0.012505264865643686
2021-05-19,0.012086225814339461
2021-05-20,0.01143179475978588
2021-05-21,0.012547092892697035
2021-05-24,0.012311070687141096
2021-05-25,0.013002304610829157
2021-05-26,0.01249123792847855
2021-05-27,0.011925336068793632
2021-05-28,0.01193943190063012
2021-05-31,0.011497274420001103
2021-06-01,0.011166489667999428
2021-06-02,0.011711103431154184
2021-06-03,0.011291885981803302
2021-06-04,0.010962009829096016
2021-06-07,0.010440909024571333
2021-06-08,0.011300205825834443
2021-06-09,0.011576247954611506
2021-06-10,0.012370884566974943
2021-06-11,0.013394219201550274
2021-06-14,0.012664711287960314
2021-06-15,0.01198521852666241
2021-06-16,0.011458297896818723
2021-06-17,0.011754767371073949
2021-06-18,0.0112121741114166
2021-06-21,0.011518157915545377
2021-06-22,0.010949959835591298
2021-06-23,0.010452383582713838
2021-06-24,0.010350820179932597
2021-06-25,0.010090160844035417
2021-06-28,0.009702103343096031
2021-06-29,0.009761399936116955
2021-06-30,0.00950110587773146
2021-07-01,0.010325079914045243
2021-07-02,0.00985562143842124
2021-07-05,0.009711800291661821
2021-07-06,0.009376784988775677
2021-07-07,0.00893024472258287
2021-07-08,0.009266279222650206
2021-07-09,0.008918606342459515
2021-07-12,0.008493398637884652
2021-07-13,0.008941289217197121
2021-07-14,0.009328530140097591
2021-07-15,0.009506055147063932
2021-07-16,0.010800587712602193
2021-07-19,0.010784435536531684
2021-07-20,0.010854925527034844
2021-07-21,0.010939322272513579
2021-07-22,0.011269391217380798
2021-07-23,0.010688750153273145
2021-07-26,0.010315206121106726
2021-07-27,0.01117467076052324
2021-07-28,0.010587666208778018
2021-07-29,0.010113828148317728
2021-07-30,0.009676762761679693
2021-08-02,0.009874230316552995
2021-08-03,0.010470017313334745
2021-08-04,0.010258178563887763
2021-08-05,0.010028054958929585
2021-08-06,0.009638393656847984
2021-08-09,0.011088061362229335
2021-08-10,0.013120323816278907
2021-08-11,0.015910236925201996
2021-08-12,0.01511287790374649
2021-08-13,0.015142848999333923
2021-08-16,0.014284956036607963
2021-08-17,0.015534798795046349
2021-08-18,0.014651701234129422
2021-08-19,0.014384995016181746
2021-08-20,0.013734045465568893
2021-08-23,0.013012712036809471
2021-08-24,0.012569236608419515
2021-08-25,0.012330479060657809
2021-08-26,0.01334852100104078
2021-08-27,0.012874510027613854
2021-08-30,0.01263906403055421
2021-08-31,0.012308197714273883
2021-09-01,0.011930559691676626
2021-09-02,0.01145729916463754
2021-09-03,0.011064898718329436
2021-09-06,0.010637720556806528
2021-09-07,0.010482401804501464
2021-09-08,0.010069606359222558
2021-09-09,0.009573080623789837
2021-09-10,0.00911599582037412
2021-09-13,0.008830774608749611
2021-09-14,0.008414783914668544
2021-09-15,0.00811271243411001
2021-09-16,0.007841069678656755
2021-09-17,0.007592855343108966
2021-09-20,0.007450734598713362
2021-09-21,0.007140307418011984
2021-09-22,0.008482369451775116
2021-09-23,0.008711854625223284
2021-09-24,0.008519982749752244
2021-09-27,0.008133458094721277
2021-09-28,0.008020876036168766
2021-09-29,0.007707821415355287
2021-09-30,0.0076138476680215166
2021-10-01,0.007296042917544899
2021-10-04,0.007060461578311122
2021-10-05,0.0071517842632684925
2021-10-06,0.006944179323389957
2021-10-07,0.0068010749833507635
2021-10-08,0.006749251873811808
2021-10-11,0.0071538615472113536
2021-10-12,0.007422043496695442
2021-10-13,0.008471696649613692
2021-10-14,0.008773851983661067
2021-10-15,0.008361651577017399
2021-10-18,0.00822769130880165
2021-10-19,0.008247489627758635
2021-10-20,0.00865774433475015
2021-10-21,0.008268153749497601
2021-10-22,0.007899035325391343
2021-10-25,0.00837515103177957
2021-10-26,0.008086184161762523
2021-10-27,0.00922546169429449
2021-10-28,0.008776478411124682
2021-10-29,0.008416474622393937
2021-11-01,0.00863348940479688
2021-11-02,0.008459616231734298
2021-11-03,0.008150338301126478
2021-11-04,0.007796236311049764
2021-11-05,0.007868692264587947
2021-11-08,0.008341838891104267
2021-11-09,0.00813733331843793
2021-11-10,0.008375450949940539
2021-11-11,0.008535880463848657
2021-11-12,0.00839370397952533
2021-11-15,0.008430918774215907
2021-11-16,0.00840618323017709
2021-11-17,0.008140817769644901
2021-11-18,0.008347601212633848
2021-11-19,0.008304215399410118
2021-11-22,0.008105756650440618
2021-11-23,0.008796626590684153
2021-11-24,0.008455533215955824
2021-11-25,0.008797570024017275
2021-11-26,0.008495504674954604
2021-11-29,0.00838067972351133
2021-11-30,0.008359186915567782
2021-12-01,0.008993689773338021
2021-12-02,0.00896820034773392
2021-12-03,0.009515616561077852
2021-12-06,0.009684174285986754
2021-12-07,0.009248398201982418
2021-12-08,0.00885089766546062
2021-12-09,0.008438272379545043
2021-12-10,0.010322636719065081
2021-12-13,0.010062480787433917
2021-12-14,0.011262319667524263
2021-12-15,0.013189136292194939
2021-12-16,0.012481773735938874
2021-12-17,0.01312771720209544
2021-12-20,0.012665635977601833
2021-12-21,0.012363270765974517
2021-12-22,0.012582957937837787
2021-12-23,0.012874522849205247
2021-12-24,0.012506196273096864
2021-12-27,0.011893191204453379
2021-12-28,0.01161962464657559
2021-12-29,0.011121788249308645
2021-12-30,0.01430585026725524
2021-12-31,0.013613170294581605
2022-01-03,0.013208760068809491
2022-01-04,0.012599554319443583
2022-01-05,0.012205491928286974
2022-01-06,0.011589393071694404
2022-01-07,0.01107578797511654
2022-01-10,0.010498616344118052
2022-01-11,0.010693297258370957
2022-01-12,0.011395772662762663
2022-01-13,0.011176801317949858
2022-01-14,0.013629770973989087
2022-01-17,0.012935041330823316
2022-01-18,0.012360150286316778
2022-01-19,0.011696754350867098
2022-01-20,0.011083491615211348
2022-01-21,0.010564422051477958
2022-01-24,0.010031841198974078
2022-01-25,0.009524457938658772
2022-01-26,0.009053386494385677
2022-01-27,0.009361735989320651
2022-01-28,0.010995272912466698
2022-01-31,0.010507440842276467
2022-02-01,0.01066995993828469
2022-02-02,0.010573025949867266
2022-02-03,0.010059601188922532
2022-02-04,0.01039372626889923
2022-02-07,0.010193136140752306
2022-02-08,0.0114702280674722
2022-02-09,0.010925711887725866
2022-02-10,0.010393159605408939
2022-02-11,0.009859492734432056
2022-02-14,0.010945447651638514
2022-02-15,0.01046287740629752
2022-02-16,0.009935261896194177
2022-02-17,0.009466642310137411
2022-02-18,0.009425408998485076
2022-02-21,0.0094724918747907
2022-02-22,0.009294984312842825
2022-02-23,0.00889467203923919
2022-02-24,0.009069755972236866
2022-02-25,0.008637095976652982
2022-02-28,0.008932652757671362
2022-03-01,0.008506358079175652
2022-03-02,0.00916195890743865
2022-03-03,0.009963755940433392
2022-03-04,0.00974081153386622
2022-03-07,0.009254706155037007
2022-03-08,0.009192866647757923
2022-03-09,0.008749120164872906
2022-03-10,0.00833938560351923
2022-03-11,0.007961560886263763
2022-03-14,0.007662364608650012
2022-03-15,0.007688209728676023
2022-03-16,0.007359423556230664
2022-03-17,0.007182280580181387
2022-03-18,0.006939635748420038
2022-03-21,0.007355527981014574
2022-03-22,0.007447760937247009
2022-03-23,0.0071397098346615085
2022-03-24,0.006943630237180641
2022-03-25,0.006856316440428144
2022-03-28,0.007298108014337931
2022-03-29,0.007008621430404355
2022-03-30,0.006876747801979168
2022-03-31,0.007765274054805224
2022-04-01,0.007475522171926783
2022-04-04,0.007174170385466535
2022-04-05,0.00689097083455049
2022-04-06,0.006835780001543021
2022-04-07,0.0066929034567354325
2022-04-08,0.00660250079533633
2022-04-11,0.006403020520372718
2022-04-12,0.006312960753024445
2022-04-13,0.006416838209081191
2022-04-14,0.006198757033220698
2022-04-15,0.006403760338748111
2022-04-18,0.006523859843724844
2022-04-19,0.006952477700332029
2022-04-20,0.007621991765950901
2022-04-21,0.0073578284109526975
2022-04-22,0.007263083598540587
2022-04-25,0.007024386034520722
2022-04-26,0.006751793212384448
2022-04-27,0.00726404610562799
2022-04-28,0.006968924852335897
2022-04-29,0.006924410391472869
2022-05-02,0.007485465441074019
2022-05-03,0.007891847516376699
2022-05-04,0.007559961410151435
2022-05-05,0.007252419242444415
2022-05-06,0.0071886619781129256
2022-05-09,0.006918630363617315
2022-05-10,0.006722467870809389
2022-05-11,0.0065846866255244215
2022-05-12,0.00634741902448471
2022-05-13,0.006183957152374826
2022-05-16,0.0062338831950670545
2022-05-17,0.0060303665876913675
2022-05-18,0.005907491892185979
2022-05-19,0.006572736367449045
2022-05-20,0.007155650614414955
2022-05-23,0.006870577651183987
2022-05-24,0.006818292401274984
2022-05-25,0.006593327829234658
2022-05-26,0.006576804514872502
2022-05-27,0.007934534330837854
2022-05-30,0.007631930567746485
2022-05-31,0.007329745199986506
2022-06-01,0.007377456682178711
2022-06-02,0.008310616046819305
2022-06-03,0.008003508022901768
2022-06-06,0.007889690281948216
2022-06-07,0.008103936132060672
2022-06-08,0.008345205904335339
2022-06-09,0.007968552081768738
2022-06-10,0.007660272196982926
2022-06-13,0.007334112347017402
2022-06-14,0.007611908016218472
2022-06-15,0.007365500130000333
2022-06-16,0.007064339910704167
2022-06-17,0.007771910207849486
2022-06-20,0.007519603297959861
2022-06-21,0.007637750739000579
2022-06-22,0.007332457520367256
2022-06-23,0.007043280699213375
2022-06-24,0.006778791991829846
2022-06-27,0.006660110837579346
2022-06-28,0.006944531127985836
2022-06-29,0.007066657412151122
2022-06-30,0.006790673862726275
2022-07-01,0.0074581338428677205
2022-07-04,0.007319883453190848
2022-07-05,0.007153984006504263
2022-07-06,0.008104513479103266
2022-07-07,0.008233015297720796
2022-07-08,0.007909144302697572
2022-07-11,0.009240858615685228
2022-07-12,0.009347445152645961
2022-07-13,0.010811698191285399
2022-07-14,0.010464925712846716
2022-07-15,0.010220316986309866
2022-07-18,0.009698610545588047
2022-07-19,0.009458708545515752
2022-07-20,0.009007659809630192
2022-07-21,0.009227177877350674
2022-07-22,0.00931291797332129
2022-07-25,0.008958501537400007
2022-07-26,0.008696978872318054
2022-07-27,0.008297011458280303
2022-07-28,0.008136290519911731
2022-07-29,0.007771487824052749
2022-08-01,0.007594512342805974
2022-08-02,0.008295762913029622
2022-08-03,0.007918900407002777
2022-08-04,0.007638001251595333
2022-08-05,0.007774731450724217
2022-08-08,0.007498893326164256
2022-08-09,0.0075727724681946395
2022-08-10,0.007269829335546742
2022-08-11,0.007857439695884868
2022-08-12,0.008842748546015269
2022-08-15,0.00862809313648884
2022-08-16,0.009029420867816183
2022-08-17,0.009451896283710853
2022-08-18,0.008989603496794348
2022-08-19,0.008567447444577098
2022-08-22,0.00823053728080354
2022-08-23,0.007928789098077623
2022-08-24,0.007580924859110636
2022-08-25,0.007546180737974185
2022-08-26,0.007466122300331256
2022-08-29,0.007231353364827029
2022-08-30,0.007034347578478266
2022-08-31,0.007262513447294162
2022-09-01,0.007117148256837805
2022-09-02,0.006952375274554474
2022-09-05,0.006760789920377038
2022-09-06,0.007994760934183165
2022-09-07,0.0077163772221746675
2022-09-08,0.0074829854683694744
2022-09-09,0.007306509748259838
2022-09-12,0.0070097967933007346
2022-09-13,0.008964785292558402
2022-09-14,0.01043593305130764
2022-09-15,0.00990804254640141
2022-09-16,0.009409139837697684
2022-09-19,0.00960770562843178
2022-09-20,0.00927251340910989
2022-09-21,0.009029899740765701
2022-09-22,0.00860406355537039
2022-09-23,0.008577390631933645
2022-09-26,0.008884151503589623
2022-09-27,0.012104728214937974
2022-09-28,0.01375765970711257
2022-09-29,0.01456152992062115
2022-09-30,0.013737999756386109
2022-10-03,0.012975453638445605
2022-10-04,0.012321987075257317
2022-10-05,0.012062656662581809
2022-10-06,0.011587714497197059
2022-10-07,0.01126206537510943
2022-10-10,0.010759779450872328
2022-10-11,0.01042564632007109
2022-10-12,0.011741075029767675
2022-10-13,0.013093330840963072
2022-10-14,0.014021636292088819
2022-10-17,0.013874499885807167
2022-10-18,0.013768068752868696
2022-10-19,0.013944777562832106
2022-10-20,0.013444572475908044
2022-10-21,0.013068661141151263
2022-10-24,0.012464250709227302
2022-10-25,0.011864278411945334
2022-10-26,0.011912132598136328
2022-10-27,0.011274440636863047
2022-10-28,0.010676699957093697
2022-10-31,0.010196069357708244
2022-11-01,0.009680878917106162
2022-11-02,0.009734666601385267
2022-11-03,0.009329011541787585
2022-11-04,0.009837528185095663
2022-11-07,0.011385276323109718
2022-11-08,0.011329938328299736
2022-11-09,0.01072897087997185
2022-11-10,0.010763508064795637
2022-11-11,0.010548343619989983
2022-11-14,0.010235213662690347
2022-11-15,0.009879574627931174
2022-11-16,0.009410483821673317
2022-11-17,0.009049271743382853
2022-11-18,0.00864771394243507
2022-11-21,0.010477982827319095
2022-11-22,0.011350098244060372
2022-11-23,0.015009291353545857
2022-11-24,0.01574507944826399
2022-11-25,0.014924297389374057
2022-11-28,0.014562795975033179
2022-11-29,0.0156911205579113
2022-11-30,0.01606512208103681
2022-12-01,0.016835695771579475
2022-12-02,0.016878801572202087
2022-12-05,0.01607975320442594
2022-12-06,0.015611214743811412
2022-12-07,0.014976314047477937
2022-12-08,0.014384335306541662
2022-12-09,0.014265072996591386
2022-12-12,0.013494123317048074
2022-12-13,0.013569118125031282
2022-12-14,0.01317018029678487
2022-12-15,0.012448882917370877
2022-12-16,0.012288952716835047
2022-12-19,0.011799847416023183
2022-12-20,0.011296374945455726
2022-12-21,0.010760723269316489
2022-12-22,0.01021708140095194
2022-12-23,0.0109584903733584
2022-12-26,0.010436597375082991
2022-12-27,0.0105226624120258
2022-12-28,0.010640411846145734
2022-12-29,0.010210359330553736
2022-12-30,0.009712928140599823
2023-01-02,0.009788271194186017
2023-01-03,0.009625526375049074
2023-01-04,0.009324301158170392
2023-01-05,0.009395915370898253
2023-01-06,0.009256866915025844
2023-01-09,0.009136873843252978
2023-01-10,0.008760242317700008
2023-01-11,0.008382777633854087
2023-01-12,0.008183024395461156
2023-01-13,0.008134294834992681
2023-01-16,0.008660097965650058
2023-01-17,0.008344834281948845
2023-01-18,0.007980926289993204
2023-01-19,0.010118645525939439
2023-01-20,0.009827798349873965
2023-01-23,0.009523754130609552
2023-01-24,0.009317907343393108
2023-01-25,0.009625006656093298
2023-01-26,0.009201113974437068
2023-01-27,0.009543270370787778
2023-01-30,0.00920831669595199
2023-01-31,0.009221671728738553
2023-02-01,0.009392969079394645
2023-02-02,0.00899920748487557
2023-02-03,0.008842037759910854
2023-02-06,0.008509982421905656
2023-02-07,0.008128668581510423
2023-02-08,0.008212105468896164
2023-02-09,0.00864872503545224
2023-02-10,0.008332517831386048
2023-02-13,0.008146935535177329
2023-02-14,0.007821371574559479
2023-02-15,0.0076090860679523305
2023-02-16,0.008168094926971469
2023-02-17,0.007856709948897703
2023-02-20,0.008325752454451331
2023-02-21,0.008001189836068102
2023-02-22,0.00765793306150889
2023-02-23,0.007387940281050877
2023-02-24,0.007353142254397222
2023-02-27,0.007053454559991792
2023-02-28,0.006896781629154475
2023-03-01,0.006640188199036276
2023-03-02,0.006506896635222029
2023-03-03,0.006384364826807152
2023-03-06,0.006169861570221962
2023-03-07,0.006008268921305259
2023-03-08,0.00587633419827086
2023-03-09,0.005804994455715557
2023-03-10,0.005923629517777112
2023-03-13,0.006140437355975618
2023-03-14,0.006033926246706294
2023-03-15,0.00665640287249029
2023-03-16,0.0064621514516599865
2023-03-17,0.006320369377902644
2023-03-20,0.006262456206813107
2023-03-21,0.00761656941474556
2023-03-22,0.007377939866051311
2023-03-23,0.007435690880393033
2023-03-24,0.007378459214333701
2023-03-27,0.007212061472228555
2023-03-28,0.007559271775217722
2023-03-29,0.007263183197245214
2023-03-30,0.007642615560996403
2023-03-31,0.007479166859917959
2023-04-03,0.0071663226146919164
2023-04-04,0.006901835572116646
2023-04-05,0.006658651105038646
2023-04-06,0.006527266050403871
2023-04-07,0.0065230560059458716
2023-04-10,0.006323898098234544
2023-04-11,0.008427247091588678
2023-04-12,0.008520207116301188
2023-04-13,0.008198555356492929
2023-04-14,0.008078284775317073
2023-04-17,0.008096762087454249
2023-04-18,0.007895261620335079
2023-04-19,0.007983755351288658
2023-04-20,0.009127862082500066
2023-04-21,0.009316840918283565
2023-04-24,0.009064555582700471
2023-04-25,0.008675905289563418
2023-04-26,0.00854697629601613
2023-04-27,0.008149792119067207
2023-04-28,0.007834451527304883
2023-05-01,0.007492948012692481
2023-05-02,0.007375863262387898
2023-05-03,0.007157298842055662
2023-05-04,0.007126215828141722
2023-05-05,0.007641234918187637
2023-05-08,0.007465290922477227
2023-05-09,0.007189148876939186
2023-05-10,0.0073189404892746255
2023-05-11,0.00739517754511055
2023-05-12,0.007387604201399003
2023-05-15,0.007369002831906846
2023-05-16,0.0071473537942407924
2023-05-17,0.007043108810731559
2023-05-18,0.007802248034281025
2023-05-19,0.00790498905813052
2023-05-22,0.007557921793675432
2023-05-23,0.00734451318321826
2023-05-24,0.007078790668176778
2023-05-25,0.006848747944306826
2023-05-26,0.006588789857754384
2023-05-29,0.006398760832334034
2023-05-30,0.006203084662761816
2023-05-31,0.006502292954174729
2023-06-01,0.006344886680088919
2023-06-02,0.006372428938290206
2023-06-05,0.006274738760503243
2023-06-06,0.006074625734039743
2023-06-07,0.006078920979792222
2023-06-08,0.006600091882643285
2023-06-09,0.0067946941474447235
2023-06-12,0.006670311552334134
2023-06-13,0.006671146255313021
2023-06-14,0.006546168411391443
2023-06-15,0.006627932101831485
2023-06-16,0.006565223027889939
2023-06-19,0.0063869722916412765
2023-06-20,0.006167943875769953
2023-06-21,0.006850319679299629
2023-06-22,0.006612339641674531
2023-06-23,0.006492450926699785
2023-06-26,0.006431496914815495
2023-06-27,0.006265731203798259
2023-06-28,0.006170108115450229
2023-06-29,0.006359853936230365
2023-06-30,0.00614888885603966
2023-07-03,0.0060323064345823105
2023-07-04,0.00639842806562191
2023-07-05,0.006310569930256963
2023-07-06,0.006157784614165992
2023-07-07,0.006048336192629624
2023-07-10,0.005990822151166427
2023-07-11,0.00705381906613439
2023-07-12,0.006785718605756485
2023-07-13,0.006712469474420864
2023-07-14,0.007571005868788649
2023-07-17,0.007393839766589239
2023-07-18,0.0071050782388284335
2023-07-19,0.00695829137388899
2023-07-20,0.00736029719312131
2023-07-21,0.0071161844036330526
2023-07-24,0.006854087175135847
2023-07-25,0.006869882106737677
2023-07-26,0.006849910441500258
2023-07-27,0.006635200457779223
2023-07-28,0.006880745607919681
2023-07-31,0.0066574963470853055
2023-08-01,0.008477734995092964
2023-08-02,0.008311567661922467
2023-08-03,0.009482265697030756
2023-08-04,0.009071623317671787
2023-08-07,0.010953280228809651
2023-08-08,0.010540230678900791
2023-08-09,0.010732587101278898
2023-08-10,0.010174127039972367
2023-08-11,0.010020654747256053
2023-08-14,0.009860509244556795
2023-08-15,0.010163891486306325
2023-08-16,0.009950597080652566
2023-08-17,0.009551304914049746
2023-08-18,0.010770840380009262
2023-08-21,0.0102686744519049
2023-08-22,0.01016163587072425
2023-08-23,0.010067708534905684
2023-08-24,0.010818221028166904
2023-08-25,0.01025991518945897
2023-08-28,0.010040380743549954
2023-08-29,0.009568662146829766
2023-08-30,0.010860804863054336
2023-08-31,0.01046440172056437
2023-09-01,0.011288072702559939
2023-09-04,0.011541653234294659
2023-09-05,0.012377620051637459
2023-09-06,0.012197369729319394
2023-09-07,0.01161699153961315
2023-09-08,0.011294167483270733
2023-09-11,0.010751627061644663
2023-09-12,0.010612189220010131
2023-09-13,0.010963804582826333
2023-09-14,0.01080753922955097
2023-09-15,0.010538863695762525
2023-09-18,0.010439178227580123
2023-09-19,0.011336518061442409
2023-09-20,0.011052557939060934
2023-09-21,0.010536914551449327
2023-09-22,0.010390611144191157
2023-09-25,0.010048033491868362
2023-09-26,0.009873294100450902
2023-09-27,0.010510378472923704
2023-09-28,0.010043317197548045
2023-09-29,0.00956820528345748
2023-10-02,0.009093663301828344
2023-10-03,0.009210814483462865
2023-10-04,0.008763516500883967
2023-10-05,0.008557399494877979
2023-10-06,0.008174592191862748
2023-10-09,0.007972985339238495
2023-10-10,0.007620405327745915
2023-10-11,0.00729758218763719
2023-10-12,0.00723239252330818
2023-10-13,0.00745318168867556
2023-10-16,0.0072253041048467
2023-10-17,0.007592667925746396
2023-10-18,0.007437098220140841
2023-10-19,0.007209513154563759
2023-10-20,0.007111815549769916
2023-10-23,0.006941295273881622
2023-10-24,0.0074559539743032045
2023-10-25,0.007540241936709119
2023-10-26,0.008005664794088983
2023-10-27,0.0076588509019319285
2023-10-30,0.007666152304466485
